CID,Canonical_Name,Imax,log_vp
107,3-PHENYLPROPIONIC ACID,46.0,-2.7898504734039307
125,4-HYDROXYBENZYL ALCOHOL,17.0,-1.808576226234436
176,ACETIC ACID,100.0,1.0511882404450583
177,ACETALDEHYDE,59.0,2.879418355019145
180,ACETONE,57.0,2.2553082229562302
243,BENZOIC ACID,26.0,-3.124903994439416
244,BENZYL ALCOHOL,34.5,-1.004329098212991
261,BUTYRALDEHYDE,94.0,1.9614568119185816
262,BUTANEDIOL,34.0,-0.6143937264016879
323,COUMARIN,46.0,-3.0087739243075053
325,CUMINYL ALCOHOL,27.0,-1.1791648864746094
332,2-METHOXY-4-VINYLPHENOL,55.0,-1.971313714981079
335,O-CRESOL,70.0,-0.6063890719951449
342,M-CRESOL,50.0,-1.0109596622655508
379,OCTANOIC ACID,52.0,-2.430626090384954
454,ALD C8,72.0,0.0718820073061253
460,GUAIACOL,74.0,-0.9871627752948278
527,PROPANAL,75.0,2.3706413187890685
660,"3,4-DIHYDROCOUMARIN",45.0,1.1271047983648077
679,METHYL SULFOXIDE,37.0,-0.351116574689976
798,INDOLE,65.0,-1.913640169325252
876,DL-METHIONINE,45.0,-2.403259038925171
931,NAPHTHALENE,68.0,-1.0835103091689993
985,PALMITIC ACID NATURAL,52.0,-6.42021640338319
996,PHENOL,65.0,-0.4528051632701918
997,PHENYLPYRUVIC ACID,35.0,-3.914681196212769
998,PHENYL ACETALD,40.5,-0.1854080408811569
1001,2-PHENYLETHYLAMINE,70.0,-0.6335413293586363
1032,PROPIONIC ACID,93.0,0.5185139398778874
1049,PYRIDINE,90.0,1.1761269768603544
1060,PYRUVIC ACID,67.0,-0.9027931690216064
1068,DIMETHYL SULFIDE NATURAL,100.0,2.601008613534956
1127,TETRAHYDROTHIOPHENE,70.0,1.2553082229079793
1136,SULFUROL MILKY,40.0,-1.1982266902923584
1213,GEOSMIN,40.0,-1.6294440031051636
1287,TEA POLYPHENOL,36.0,-6.696102619171143
2214,ACETOVANILLONE,25.0,-3.822329521179199
2345,BENZYL BENZOATE,24.0,-3.649751981665837
2346,BENZYL ISOTHIOCYANATE,70.0,-1.2808682918548584
2537,CAMPHOR,48.0,-0.6935392652598539
2682,HEXADECANOL,0.0,-5.221848749616356
2879,PARA-CRESOL,65.0,-0.94881177036316
3102,BENZOPHENONE,28.0,-1.653104543685913
3314,EUGENOL NATURAL,57.0,-1.5228787452803376
3611,HINOKITIOL,10.0,-2.666424036026001
3893,LAURIC ACID,18.0,-4.795880017344075
4133,METHYL SALICYLATE,59.0,-1.4647058799572297
5054,RESORCINOL,30.0,-3.311989747008261
5144,SAFROLE,56.0,-1.1511952989481962
5541,TRIACETINE,23.0,-2.606389703644708
5610,TIRAMINE,20.0,-1.898734211921692
5634,10-UNDECENOIC ACID,30.0,-3.360424757003784
5780,D-SORBITOL,15.0,-4.640820503234863
5950,ALANINE L,5.0,-0.5356670618057251
5961,GLUTAMINE L,0.0,-3.8914096355438232
6050,TRIBUTYRIN,48.0,-2.886056647693163
6106,LEUCINE L,8.0,-2.5884780883789062
6184,HEXANAL (ALDEHYDE C-6),57.0,1.021189299069938
6213,METHYL SULFONE,12.0,0.3889422118663788
6276,PENTANOL,58.0,0.6532482315800169
6343,ethyl mercaptan,100.0,2.645212276027712
6363,ISOPROPYLAMINE,100.0,2.679236413572627
6364,ISO PROPYL MERCAPTANE,100.0,2.4429498695778618
6532,LINALYL ISOBUTYRATE,45.0,-2.843930244445801
6548,TETRAHYDROLINALOL,46.0,-0.9990931153297424
6549,LINALOOL,45.0,-0.8026837346849218
6558,ISO BUTYL AMINE,100.0,1.9989486221852264
6560,2-METHYL-1-PROPANOL,60.0,0.954278227243998
6561,ISOBUTYRALDEHYDE,95.0,2.0597884120707377
6569,2-BUTANONE,68.0,1.8962862802938836
6584,METHYL ACETATE,49.5,2.238708961126116
6590,ISOBUTYRIC ACID,70.0,0.2576785748691845
6616,(+)CAMPHENE,32.0,0.4771569725243357
6631,MENTANYL ACETATE,45.0,-1.5717229843139648
6632,TERPINEOL ACETATE,45.0,-1.800373673439026
6654,ALPHA-PINENE,37.0,0.6766936096248666
6658,METHYL METHACRYLATE,76.0,1.4661615882971046
6660,CYCLOTENE (METHYL CYCLOPENTENOLONE),55.0,-1.289709448814392
6669,MUSK KETONE,38.25,-6.522878745280337
6736,3-METHYLINDOLE,58.0,-0.8857703804969788
6753,MUSK AMBRETTE,35.0,-4.90403938293457
6781,DIETHYL PHTHALATE (DEP),0.0,-2.677780705266081
6826,DIMETHYL ANTHRANILATE,43.0,-1.8759392499923704
6835,2-METHOXYBIPHENYL,12.0,-1.3141134977340698
6873,ISOBUTYL SALICYLATE,34.0,-3.3123273849487305
6874,ISOAMYL SALICYLATE,35.0,-3.1094231605529785
6877,ETHYL ANTHRANILATE,16.0,-1.873674154281616
6885,PHTHALIDE,25.0,-0.6715314984321594
6920,2-ACETYL THIOPHENE,38.0,-0.4395534694194793
6937,6-TERT-BUTYL-M-CRESOL,35.0,-1.4125850200653076
6943,ISOPROPYL PHENOL,59.0,-1.2116905450820925
6985,"2',4'-DIMETHYLACETOPHENONE",48.0,-1.140040159225464
6986,ISO MENTHONE,51.0,-0.4169634580612182
6989,THYMOL,55.0,-1.7958800173440752
6997,2 ETHYL PHENOL,78.0,-0.8153085691824012
6998,SALICYLALDEHYDE,72.0,-0.2269453066357374
7002,1-methylnaphthalene,58.0,1.3617278360175928
7016,2-CYCLOHEXYLCYCLOHEXANONE,16.0,-1.0738445520401
7041,"2,6-DIMETHOXYPHENOL",50.0,-1.9667584896087649
7043,VERATROLE,34.0,-0.7062180042266846
7047,QUINOLINE,67.0,-1.221813066552386
7055,2-METHYLNAPHTHALENE,48.0,-1.259637310505756
7059,6-METHYLQUINOLINE,50.0,0.4771212547196624
7095,BIPHENYL,18.0,-2.049356254542725
7122,NAPTHYL METHYL KETONE BETA (ORANGER CRYSTALS),40.5,-1.7749991416931152
7127,METHYL EUGENOL,30.0,-1.6989700043360187
7128,METHYL ISOEUGENOL,21.5,-1.4959099292755127
7136,ACETYL EUGENOL,35.0,-2.4955875873565674
7137,ISOEUGENYL ACETATE,32.0,-2.41384506225586
7144,4 METHYL GUAIACOL,72.0,-1.4751213788986206
7146,HYDRATROPIC ALDEHYDE,48.0,-0.1308242380619049
7147,1-PHENYL-1-PROPANOL,46.0,-1.2393795251846311
7148,propiophenone,34.0,0.1760912590556812
7165,ETHYL BENZOATE,51.0,-0.731096088886261
7170,ETHYL BENZOYLACETATE,16.0,-3.260669946670532
7194,PHENETHYL BENZOATE,43.0,-3.318645000457764
7222,BENZOTHIAZOLE,75.0,-0.9216873049736024
7225,2-METHYLBENZOXAZOLE,58.0,-0.9959966540336608
7249,"3,4-DIMETHYLPHENOL",42.0,-1.448550002027125
7283,2-METHYL BUTYL AMINE,85.0,1.2834666967391968
7284,2-METHYLBUTYRALDEHYDE,82.0,1.5155950784683228
7302,GAMMA-BUTYROLACTONE,25.0,0.051188241217074
7335,CARVYL ACETATE,65.0,-2.071737766265869
7336,CARVYL PROPIONATE-L,50.0,-2.4699699878692627
7342,ETHYL ISOBUTYRATE,65.0,1.1555047035217283
7344,ETHYL LACTATE,47.0,0.2304489213782739
7351,ISOBUTYL ISOBUTYRATE,41.5,0.6364878963533654
7353,BUTYL ISOBUTYRATE,35.0,0.3693504333496094
7358,2-ETHYL-1-BUTANOL,59.0,-0.0457574905606751
7360,TETRAHYDROFURFURYL ALCOHOL,26.0,0.1446099241379734
7361,FURFURYL ALCOHOL,36.5,-0.400627152534886
7362,FURFURAL,34.0,0.051188241217074
7363,FURFURAL MERCAPTAN,75.0,0.9290048480033876
7391,4-TERT-BUTYLCYCLOHEXAN-1-OL,25.0,-1.161453127861023
7392,4-TERT-BUTYLCYCLOHEXANONE,34.0,-0.635209858417511
7409,STYRALYL ALCOHOL,48.0,-1.0
7410,ACETOPHENONE,58.0,-0.0010513782936554
7413,CYCLOHEXANECARBOXYLIC ACID,60.0,-1.1598585844039917
7438,LAEVO-CARVEOL,20.0,-1.3270095586776731
7460,A PHELLANDRENE,55.0,0.183026984333992
7461,GAMMA-TERPINENE,50.0,0.1484861224889755
7462,TERPINENE ALPHA,58.0,-0.0057628215290606
7463,PARA-CYMENE,55.0,0.1761269768603544
7465,4-ISOPROPYLPHENOL,34.0,-1.3764381408691406
7476,ACETANISOLE,20.0,-2.191114132640188
7500,ETHYLBENZENE,71.0,0.8293394909573714
7501,STYRENE,80.0,0.7011717839404096
7505,BENZONITRILE,66.0,-0.1163028463037531
7531,DIMETHYL BENZYL CARBINOL,19.0,-1.2181891202926636
7559,METHYL PHENYL ACETATE,68.0,-0.8860566476931632
7562,"2-BENZYL-1,3-DIOXOLANE",28.0,-0.9261577129364014
7583,PHENYL OXIDE,46.0,-1.6716203965612624
7584,AMYL CINNAMIC ALCOHOL - IFF,20.0,-2.278247117996216
7590,ETHYL PHENYL ACETATE,62.0,-1.0323333740234375
7593,DIBENZYL KETONE,33.0,-2.3752129077911377
7601,PHENYL ETHYL PHENYL ACETATE,20.0,-3.166331052780152
7633,DIMETHYL PHENYL ETHYL CARBINYL ACETATE,30.0,-1.8956656455993648
7635,2 ETHYL HEXYL ACETATE,65.0,-0.638272163982407
7643,METHYL 3-PHENYLPROPIONATE,34.0,-1.2185217142105105
7646,BENZYL ISOBUTYRATE,40.5,-1.7102899551391602
7650,BENZYL BUTYRATE,65.0,-1.746847152709961
7651,BENZYL ISOVALERATE,60.5,-1.760762095451355
7654,PHENYL ETHYL ACETATE,27.0,-1.1048433780670166
7655,PHENYL ETHYL ISOBUTYRATE,29.0,-1.901644945144653
7657,DIBENZYL ETHER,4.0,0.0
7662,3-PHENYLPROPYL ISOBUTYRATE,45.0,-2.1950607299804688
7695,ANISYL ACETATE,27.0,-2.0462605953216557
7702,DIHYDROANETHOL,37.0,-0.8532006144523621
7704,OCTALACTONE GAMMA,31.5,-0.6815367341041565
7707,PHENYL PROPIONALDEHYDE,61.0,-0.8300777673721313
7708,BENZYL FORMATE,60.5,-0.9682978987693788
7711,PHENYL ETHYL FORMATE,40.0,-0.9374600648880004
7714,GAMMA-UNDECALACTONE NATURAL,48.0,-1.5506620407104492
7738,ANISE ALCOHOL,22.0,-1.5323039293289185
7742,GAMMA-HEPTALACTONE,44.0,-0.4571395218372345
7757,METHYL ACETOACETATE,14.0,0.1055459010419691
7761,DIETHYL MALONATE,30.0,-0.5686005125678958
7765,DIETHOXYETHANE,70.0,1.306460745462585
7770,PROPYL BUTYRATE,63.0,0.7896935343742371
7772,ISOAMYL PROPIONATE,45.0,0.4624827802181244
7775,ISOBUTYL HEXANOATE,44.0,-1.0587230920791626
7778,CITRONELLYL FORMIATE,59.0,-1.3404595851898191
7792,DIMETHYL OCTANOL,57.0,-1.5200233459472656
7794,CITRONELLAL,62.0,-0.7908384203910828
7795,ISOAMYL BUTYRATE,45.0,0.1266533434391021
7797,ETHYL HEPTANOATE,69.0,-0.2491350024938583
7799,ETHYL OCTANOATE NATURAL,40.0,-0.8280072808265686
7800,ETHYL LAURATE,28.0,-3.319838523864746
7802,3-HEPTANONE,65.0,0.1469385874387219
7803,PROPYL PROPIONATE,60.0,0.9585763812065125
7820,DIMETHYL SUCCINATE,40.0,-0.5228787452803376
7822,5-METHYLHEPTAN-3-ONE,58.0,0.3016082427886497
7824,METHYL CAPROATE,82.0,0.6989700043360189
7826,METHYL HEPTANOATE,49.0,0.1176346987485885
7852,PROPYL AMINE,90.0,2.4052966794421557
7865,METHYL FORMATE,47.0,2.681276955225496
7888,HYDROXYCITRONELLAL,35.0,-2.2063682079315186
7894,ISOPENTYLAMINE,100.0,1.1339759826660156
7895,"PENTANONE, '2-",68.0,1.0792169638522982
7909,4-METHYL-2-PENTANONE,62.0,1.1973162760681524
7915,ISOPROPYL ACETATE,81.0,1.5993728508517862
7916,ISOPROPENYL ACETATE,50.0,1.6532125137753435
7936,"2,4-LUTIDINE",78.0,0.7520484478194386
7937,"DIMETHYL PYRIDINE 2,6",88.0,0.7520484478194386
7938,"2,6-DIMETHYLPYRAZINE",71.0,0.6436697840690613
7945,ETHYL ISOVALERATE,69.0,0.734180212020874
7957,"2,6-DIMETHYLHEPTAN-4-OL",33.0,-0.6777807052660807
7958,COGNAC HEPTANONE,31.0,0.2368248183468151
7966,CYCLOHEXANOL,47.0,0.051188241217074
7976,2-METHYL PYRAZINE,69.5,1.3789267539978027
7981,BUTYL ISOVALERATE,53.0,-0.4881225526332855
7983,BUTYL BUTYRATE,73.0,0.1177010461688041
7984,SILVANONE,31.0,-4.492857933044434
7989,5-HEXEN-2-ONE,85.0,1.1165684461593628
7997,PROPYL ACETATE,71.0,1.3936109211619898
8007,1-BUTYLAMINE,100.0,1.912523479163557
8012,butyl mercaptan,85.0,1.4771569725243356
8025,ETHYL FORMATE,59.0,2.3891660843645326
8030,THIOPHENE,72.0,1.9014583213961125
8038,ISOBUTYL ACETATE,78.0,1.1131430843084342
8050,METHYL DECANOATE,28.0,-1.431798275933005
8051,2-HEPTANONE NATURAL,60.0,0.1761269768603544
8052,ISOAMYL FORMATE,78.0,0.9645190834999084
8063,VALERALDEHYDE,83.0,1.4065758982386285
8067,1-PENTANETHIOL,80.0,1.1399148043947178
8073,N-PROPYL FORMATE,39.0,1.5877121686935425
8077,DIETHYL DISULFIDE,63.0,1.5264891386032104
8078,CYCLOHEXANE,83.0,1.9890403335477491
8092,METHYL HEPTINE CARBONATE,44.5,-0.7396051287651062
8093,2-OCTANONE,62.33333333333334,0.1303337684950061
8094,HEPTANOIC ACID,55.0,-2.0109597513442803
8103,HEXANOL,36.0,-0.0314813333612247
8106,1-HEXANETHIOL,85.0,0.8906382918357849
8118,DIPROPYL SULFIDE,95.0,0.6730401515960693
8125,1-OCTENE,58.5,1.1761269768603544
8137,METHYL OCTINE CARBONATE,45.0,-1.327048659324646
8138,METHYL 10-UNDECENOATE,31.0,-2.2636516094207764
8139,METHYL LAURATE,28.0,-2.3861581781239307
8148,DIBUTYL AMINE,70.0,0.3064607454625849
8158,NONANOIC ACID,46.0,-2.7825160557860937
8164,OCTYL ACETATE,57.0,-0.9052547812461852
8167,DECYL ACETATE,18.0,-1.905019164085388
8174,DECANOL,52.0,-2.124902836414984
8176,OCTYL FORMATE,77.0,-1.0092859268188477
8180,undecanoic acid,24.0,-3.3719441890716557
8181,METHYL PALMITATE,62.0,-4.514134883880615
8184,UNDECANOL,33.5,-2.046779155731201
8185,10-UNDECEN-1-OL,39.0,-2.3873395919799805
8186,UNDECANAL,62.0,-1.1305011510849
8193,1-DODECANOL,38.0,-2.0109597513442803
8194,DODECANAL,59.0,-1.2184956073760986
8195,1-DODECANETHIOL,39.0,0.3936109209865317
8205,LAURYL ACETATE,31.0,-3.5433461666107178
8298,HOMOMENTHOL,45.0,-1.0
8314,2 METHYL BUTYRIC ACID,85.0,-0.3835424482822418
8347,VETIVER ACETATE,61.0,-4.235620498657227
8361,PHENYL SALICYLATE,33.0,-4.368008613586426
8363,BENZYL SALICYLATE,15.0,-4.107905397309519
8364,2-ETHYLHEXYL SALICYLATE,11.0,-4.069427013397217
8365,ETHYL SALICYLATE,55.0,-3.0608625411987305
8369,MALTOL,42.0,-2.3604824542999268
8400,BENZOIN OIL,11.0,-4.457677364349365
8405,ISOQUINOLINE,50.0,-1.2696248292922974
8419,VERATRALDEHYDE,30.0,-1.904006838798523
8432,STYRALLYL PROPIONATE,30.0,-1.6351699829101562
8452,CYCLOPENTANONE,32.0,1.0569048513364727
8456,3-TERT-BUTYL HYDROXY ANISOLE,16.0,-2.00867772102356
8468,P-VANILLIC ACID,12.0,-4.193241596221924
8471,TRIETHYL AMINE,100.0,1.73242947770806
8499,METHYL ANISATE,30.0,-1.875397562980652
8500,P-METHYL ACETOPHENONE,40.0,-0.8920972943305969
8655,SYRINGALDEHYDE,28.0,-3.885559558868408
8698,BUTYL BENZOATE,36.0,-2.0
8710,FLEURAMONE,47.0,-1.282217264175415
8712,O-THIOCRESOL,90.0,-0.0883098412461388
8723,2-METHYL-1-BUTANOL,70.0,0.4983462720078535
8738,BUTYL LACTATE,50.0,-0.3979400086720376
8785,BENZYL ACETATE,36.0,0.1538505816920877
8791,BENZYL LAURATE,4.0,-4.237582206726074
8792,PHENETHYL ISOVALERATE,40.0,-1.8362059593200684
8797,P-TOLYL ACETATE,43.0,-0.7828317880630493
8815,ESTRAGOLE,54.0,-0.8918328285217285
8834,CITRONELLYL PROPIONATE,35.0,-1.9034048318862915
8835,CITRONELLYL BUTYRATE,50.0,-2.5717203617095947
8842,CITRONELLOL 95,50.0,-1.6989700043360187
8857,ETHYL ACETATE,69.0,1.8750969812542744
8863,HYDROXYCITRONELLAL DIMETHYL ACETAL,24.0,-2.9313719272613525
8868,ETHYL ACETOACETATE,46.5,-0.1249030159085683
8878,ALLYL HEPTANOATE,50.0,-1.1764408349990845
8892,HEXANOIC ACID,80.0,-0.6935392652598539
8908,HEXYL ACETATE,41.0,0.1205739312058498
9016,"1,4 DIMETHOXYBENZENE",42.0,-0.8328977823257446
9024,DIMETHYL CARBINYL BENZYL ACETATE,52.0,-1.540028095245361
9256,THIAZOLE,82.0,1.6107096672058103
9261,PYRAZINE,47.5,1.938439965248108
9473,PIPERONYL ACETATE,40.0,-2.228923320770264
9589,3 ACETYL PYRIDINE,45.0,-0.5278635025024414
9609,DIETHYL SULFIDE,100.0,1.7795964912578246
10106,"1,4-CINEOLE",59.0,-0.1049047484993934
10285,METHYL QUINOLINE,56.0,-2.193820026016113
10315,BUTYROPHENONE,32.0,-0.85029536485672
10353,DIHYRDOTERPINEOL,52.5,-1.316448211669922
10364,CARVACROL,61.0,-1.4453579187393188
10400,CYCLOHEPTANONE,52.0,-0.3885520398616791
10402,CITRONELLIC ACID,29.0,-2.37430191040039
10409,CYCLOPENTADECANONE,33.0,-2.9514410495758057
10430,ISOVALERIC ACID,72.0,-0.3565473235138126
10448,METHIONOL,76.0,0.0281484611332416
10582,MYRTENOL,16.0,-1.3663415908813477
10722,O-TOLUALDEHYDE,35.0,-0.4791015088558197
10748,7-METHOXY COUMARINE,14.0,-2.547135591506958
10778,O-TOLYL ACETATE,47.0,-1.022315263748169
10795,ACETALDEHYDE DIMETHYL ACETAL,51.5,2.23345302204072
10797,2-METHYLFURAN,60.0,2.1522883443830563
10817,HAWTHORN CARBINOL,14.0,-1.2487318515777588
10823,3-ETHYLPYRIDINE,82.0,0.6334787607192993
10869,BENZYL METHYL ETHER,75.0,-0.0449198298156261
10873,BENZYL ETHYL ETHER,46.0,-0.630912184715271
10882,ETHYL VALERATE,65.0,0.7445357441902161
10883,ETHYL LEVULINATE,34.0,-0.7650694847106934
10885,ISOBUTYL BUTYRATE,29.0,0.2756450176239013
10886,AMYL HEXANOATE,45.0,-1.4627116918563845
10895,ISOBUTYL PROPIONATE,34.0,0.7999197840690613
10925,isoamyl mercaptan,80.0,1.4628061056137085
10947,MUSCONE DEXTRO LAEVO,37.0,-3.130825996398926
10957,ISOBUTYL FORMATE,76.0,1.4049738645553589
10975,MYRCENOL,35.5,-1.2900595664978027
10976,2-HEPTANOL,57.0,-0.0010513782936554
11002,DIBUTYL SULFIDE,72.0,0.381956934928894
11027,BETA-THUJONE,50.0,-0.9174955487251282
11039,METHYL ISOBUTYRATE,75.0,1.5125951766967771
11086,2-AMINOACETOPHENONE,35.0,-0.977116584777832
11124,METHYL PROPIONATE,70.0,1.8045159069447252
11160,METHYL ISOVALERATE,92.0,1.020476222038269
11173,PRENOL,49.0,0.0212250172881911
11176,PROPYL ISOVALERATE,50.0,-0.043750811368227
11230,TERPINEN-4-OL,35.0,-1.1673829555511477
11251,3-METHYL-2-BUTANONE,72.0,1.6154596707432545
11335,"2,6-DIMETHYLPHENOL",31.0,-0.562249437179612
11340,O-METHYLACETOPHENONE,55.0,-0.6491219997406006
11363,"1-PHENYL-1,2-PROPANEDIONE",47.0,-2.404745578765869
11419,2-METHYLCYCLOHEXANONE,64.5,-0.0435747317969799
11428,3-PENTANOL,79.0,0.7781869681883169
11463,TERPINOLENE,60.0,-0.1307682802690238
11505,4-METHYLBENZYL ALCOHOL,29.0,-1.275724130399211
11508,3-METHYL-1-PENTANOL,57.0,0.0171693209558725
11514,ISOBUTYL ISOVALERATE,27.0,-0.5013731718063354
11517,butyl N-octanoate,20.0,-1.786081075668335
11520,3-HEPTANOL,41.0,-0.0488727949559688
11525,4-METHYLCYCLOHEXANONE,57.0,-0.2429920583963394
11527,OCTANOL 3 NATURAL,55.0,-0.5409836769104004
11529,BUTYL PROPIONATE,35.0,0.4548805773560689
11559,ANGELICA LACTONE ALPHA,41.0,-0.2649317979812622
11567,3-METHYLCYCLOHEXANONE,65.0,-0.3387945890426636
11576,BUTYL ACETOACETATE,18.0,-1.2622014284133911
11583,2-HEXANONE,53.0,0.4313994826070069
11613,BUTYL ISOTHIOCYANATE,62.0,0.5783335566520691
11614,BUTYL FORMATE,78.0,1.337494979195159
11617,ALLYL SULFIDE,91.0,0.9647309210536292
11622,2-TRIDECANONE,25.0,-2.0908753871917725
11732,(+-)-3-METHYL-2-BUTANOL,69.0,0.5667017698287964
11747,ACETYL PROPIONYL,55.5,1.3016082425717914
11902,METHYL 2 FUROATE,79.0,0.1438678950071334
11980,ETHYL 2-FUROATE,37.0,-0.3017401099205017
11982,PROPYL 2-FUROATE,36.0,-0.8929901123046875
12020,1-PENTEN-3-OL,74.0,-0.0899505466222763
12041,ETHYL PYRUVATE,46.0,0.1672379821538925
12044,ISOPROPYL ISOBUTYRATE,48.0,0.9162402749061584
12072,CARHYDRANOL,31.0,-1.2940300703048706
12097,5 METHYL FURFURAL,45.0,-0.1744612753391266
12105,M-TOLUALDEHYDE,35.0,-0.7197107672691345
12146,CYCLOHEXYL ACETATE,75.0,1.039449836941152
12170,FURFURYL ACETATE,32.0,-0.3803303837776184
12177,2-METHYL-2-PENTENAL,82.0,1.1506201028823853
12180,METHYL BUTYRATE,65.0,1.5092025223311027
12206,METHYL VALERATE,67.5,0.8800991177558899
12209,2-METHYLBUTYL ACETATE,53.0,0.7310985922813416
12216,3-NONANOL,52.0,-0.8728113174438477
12217,PENTYL PROPIONATE,35.0,0.0463567748665809
12230,ETHYL METHYL SULFIDE,99.0,2.037639141082764
12257,ISOPROPYL FORMATE,58.0,2.0
12265,"2,5-DIMETHYLPYRROLE",40.0,1.3050858974456787
12266,"2,5-DIMETHYL FURAN",90.0,1.724275869600789
12278,1-METHYLBUTYL ACETATE,67.0,0.8435799297191787
12293,PROPYL HEXANOATE,33.0,-0.2232445925474167
12294,BUTYL HEXANOATE,43.0,-0.9144716262817384
12297,2-HEXANOL,42.0,-0.0284786075353622
12327,ETHYL UNDECANOATE,28.0,-2.518007516860962
12329,DIMETHYL ADIPATE,4.0,-1.5468496084213257
12344,5-METHYLHEXANOIC ACID,75.0,-0.9592323899269104
12348,PENTYL ACETATE,80.0,0.6880103376165321
12367,2-NONANOL,51.0,-1.0043669939041138
12377,DIPROPYL DISULFIDE,71.0,0.14546699821949
12385,"1,8 OCTANE DINITRILE",36.0,-0.5849825739860535
12506,TETRAHYDROFURFURYL ACETATE,29.0,-0.4789504110813141
12508,ISOPROPYL PROPIONATE,62.0,0.9466347098350524
12529,AMYL FORMATE,79.0,0.7525990009307861
12530,TRIDECANOIC ACID,14.0,-4.335258960723877
12570,2-PROPYLPHENOL,54.0,-1.291109561920166
12571,PROPYL ISOBUTYRATE,40.0,0.8873279094696045
12578,4-ISOPROPYLACETOPHENONE,26.0,-1.162096381187439
12580,4 PROPYL PHENOL,55.0,-1.4790246486663818
12613,ISOAMYL ISOVALERATE,51.0,-0.548888623714447
12729,ETHYL 10-UNDECENOATE,5.0,-2.5916380882263184
12748,4-METHYLTHIAZOLE,80.0,1.4213886260986328
12756,HEXALACTONE GAMMA,32.0,-0.3965262770652771
12769,"2,3,5-TRIMETHYLPHENOL",32.0,-1.285056233406067
12777,DELTA OCTALACTONE,34.0,-0.684684693813324
12844,DODECALACTONE DELTA,45.0,-1.5413579940795898
13016,BENZYL METHYL SULFIDE,79.0,0.1662836670875549
13187,2 NONANONE,50.0,-0.4617613554000854
13204,DELTA HEXALACTONE,28.0,-0.5535181760787964
13216,DECALINOL,42.0,-1.7263540029525757
13233,TROPICAL TRITHIANE,89.0,-0.4638645648956299
13357,METHYL 2 METHYL BUTYRATE,80.0,1.233806610107422
13436,DIPHENYL DISULFIDE,37.0,-1.3193055391311646
13561,6-UNDECANONE,45.0,-0.7881431579589844
13576,3-DECANONE,30.0,-0.7152060270309448
13654,ISOPROPYL BENZOATE,29.0,-1.2540735006332395
13663,ALPHA-NAPHTHYL METHYL KETONE,8.0,-1.8263658285140991
14079,2-ACETYL PYRROLE,20.0,0.1539888828992843
14228,HEXYL OCTANOATE,25.0,-2.8796236515045166
14235,MYRCENYL ACETATE,31.0,-2.4216244220733643
14257,UNDECANE,10.0,-0.3851027839668654
14286,ORTHO-ACETYL PYRIDINE,79.0,-0.5007657408714294
14295,2-PHENYL-1-PROPANOL,29.0,-1.3780707120895386
14296,TETRAMETHYL PYRAZINE,38.0,-0.6126400232315063
14328,"3',4'-DIMETHOXYACETOPHENONE",23.0,-1.9962713718414309
14491,HEXANE DITHIOL,67.0,0.0849120020866394
14505,2-ACETYLFURAN,45.0,0.2611981928348541
14511,3-METHYL-2-CYCLOHEXENONE,28.0,-0.299956351518631
14514,2-ACETYL 5-METHYL FURAN,49.0,-0.4488471448421478
14525,FENCHONE,50.0,-0.574705958366394
14529,CHERRY PROPANOL,45.0,-1.2494608163833618
15037,1-FURFURYL PYRROLE,58.0,-1.1969112157821655
15380,TRUFFLE SULFIDE,95.0,1.1073280572891235
15406,FENCHYL ALCOHOL,48.0,-1.3989105224609375
15435,COUMARONE,29.0,-0.3467517693850026
15448,2-UNDECANOL,17.0,-1.8563636541366575
15510,CYCLOPENTANETHIOL,85.0,1.5418528318405151
16237,ETHYL HYDROCINNAMATE,39.0,-1.3235398530960083
16255,ISO AMYL OCTANOATE,25.0,-2.3170413970947266
16296,AMYL BENZOATE,22.0,-1.896375298500061
16299,AMYL SALICYLATE,48.0,-3.645777463912964
16324,ALLYL BUTYRATE,55.0,0.5608770251274109
16330,BUTYL SALICYLATE,45.0,-3.4537856578826904
16331,BUTYL LEVULINATE,28.0,-1.680402159690857
16441,PERILLA ALDEHYDE,58.0,-0.9636843204498292
16582,2-ISOBUTOXYNAPHTHALENE,28.0,-1.7931859493255615
16591,ALLYL PROPYL DISULFIDE,75.0,-0.4259330173626664
16678,6-TERT-BUTYL-O-CRESOL,31.0,-1.470012903213501
16724,CARVONE-D,55.0,1.1903316981702914
16821,DODECALACTONE GAMMA,30.0,-1.646992564201355
16832,ISOPROPYL HEXANOATE,27.0,-0.0705242902040481
16846,PROPYL BENZOATE,32.0,-1.2421225309371948
16867,2 METHYL 2 THIAZOLINE,87.5,1.3994284868240356
16872,HEXYL ISOBUTYRATE,39.0,-0.8929876089096069
17004,2-TERT-BUTYL-4-METHYLPHENOL,78.0,-1.6020599913279625
17092,CLONAL,57.5,-0.9791945815086364
17100,ALPHA-TERPINEOL,27.0,-1.3736596326249575
17121,1 OCTENYL ACETATE,60.0,-1.118627667427063
17129,2-METHYLBUTYL 2-METHYLBUTYRATE,50.0,-0.6881412267684937
17355,BENZYL ACETONE,45.0,-0.8007099628448486
17365,ETHYL PHENOXYACETATE,59.0,-1.856410264968872
17586,SEC-BUTYL ETHYL ETHER,60.0,1.712597131729126
17617,ALLYL CYCLOHEXYL PROPIONATE,47.0,-1.8733421564102173
17623,METHYL N-ACETYLANTHRANILATE,8.0,-3.3085193634033203
17697,PENTADECANAL,30.0,-3.424871921539306
17739,DIHYDROEUGENOL,46.0,-1.5918855667114258
17898,2-METHOXY-3-METHYLPYRAZINE,82.0,0.0505412891507148
18467,2-METHOXYPYRAZINE,54.0,0.7210996747016907
18522,2-METHYLTETRAHYDROFURAN-3-ONE,80.0,0.3083595931529999
18554,2-ETHYLFURAN,71.0,1.3115098476409912
18686,ETHYL CYCLOHEXANECARBOXYLATE,41.0,-0.559502363204956
18698,NONALACTONE DELTA,60.0,-0.7146762013435364
18756,BETA OCIMENE,65.0,-0.0624880641698837
18818,SABINENE,39.0,0.3733798861503601
18826,MUSK R1,55.0,-4.3913655281066895
18827,1-OCTEN-3-OL,80.0,-0.4559294283390045
18938,"3,5,5 TRIMETHYL HEXANOL",56.0,-0.647781755398789
19089,PHENYL ETHYL METHYL ETHER,60.0,-0.5671544075012207
19137,CUELURE,42.0,-3.335310220718384
19188,PHENOXYACETIC ACID,29.0,-3.299346685409546
19309,STRAWBERRY FURANONE,79.0,-2.096910013008056
19310,DIMETHYL TRISULFIDE,90.0,1.2680901288986206
19602,2-PENTYL FURAN,42.0,-0.3961455821990967
19603,2-HEPTYL FURAN,43.0,-1.2635952234268188
19707,"2,3-HEXANEDIONE",88.0,-0.3010299956639812
19725,ALPHA-COPAENE,40.0,-1.6868444681167605
19754,methyl propyl sulfide,92.0,1.575008988380432
19844,METHYL VANILLATE,28.0,-3.789923429489136
20083,2-OCTANOL,37.0,-0.6197530390361915
20219,ALLYL CAPRYLATE,45.0,-1.7471898794174194
20446,2-PHENYL-2-BUTENAL,29.0,-0.7459770441055298
20487,OCTAHYDROCOUMARINE,47.5,-0.696614682674408
20499,COFFEE DIFURAN,44.0,-0.7011915445327759
20508,CYCLOHEXANEETHANOL,31.0,-0.9211138486862184
20739,FOLROSIA,38.0,-1.269339680671692
20745,SULCATOL,35.0,-0.4213741421699524
20748,METHYL CYCLOHEXANECARBOXYLATE,38.0,-0.4321843683719635
20797,NOOTKATONE 10% DPG,37.0,-3.177985191345215
20861,4-ETHYLBENZALDEHYDE,32.0,-0.8415567278862
20928,1-HEXEN-3-OL,87.0,-0.2272949963808059
20959,DELPHONE,55.0,-0.8041739463806152
20995,2-PENTYL THIOPHENE,68.0,-0.3272963762283325
21003,CYCLOPENTYL CYCLOPENTENONE,37.0,-0.868886411190033
21057,1-HEPTEN-3-OL,31.0,-0.3403295576572418
21265,PRENYL BENZOATE,12.0,-1.815136432647705
21574,"3,5,5-TRIMETHYLHEXANAL",49.0,-1.0969100130080565
21648,PARA-HYDROXY PHENYL BUTANONE,15.0,-2.54561185836792
21768,GERANYL NITRILE,60.0,-0.2483401745557785
21828,"2-METHYL-1,3-DITHIOLANE",78.0,0.941903829574585
21895,PHENYLACETALDEHYDE GLYCERYL ACETAL,25.0,-2.175253391265869
22201,"2,3 DIMETHYL PYRAZINE",55.0,0.5302454233169556
22227,(+)-DIHYDROCARVONE,58.5,-0.695048451423645
22310,LINALOOL OXIDE,40.0,-1.7287812232971191
22311,LIMONENE,52.0,0.1903316981702915
22386,2-PENTANOL,55.0,0.6154596709538042
22629,HEXYL SALICYLATE,37.0,-3.952324867248535
23173,12-OXAHEXADECANOLID (hibiscolide),34.0,-4.063695907592773
23235,HEXYL BENZOATE,20.0,1.505149978319906
23367,BENZYL HEXANOATE,19.0,-2.0184922218322754
23642,ORTHO THIOGUAIACOL,76.0,-0.6837151050567627
24114,BUTYL BUTYRYL LACTATE,45.0,-2.4789156913757324
24117,ALLYL PHENOXYACETATE,80.0,-2.8234546184539795
24191,CITRAL DIMETHYL ACETAL,40.0,-1.4154428243637085
24433,BUTYL ANTHRANILATE,18.0,-2.2859444618225098
24473,DIHYDROCARVONE DEXTRO,25.0,-0.6901085376739502
24680,IONONE MIXED ISOMERS,58.0,-1.7212463990471711
24838,HEXYL 2 METHYL BUTYRATE,52.0,-1.4061203002929688
24874,SEC-BUTYLAMINE,100.0,2.1303694863318468
24915,DIMETHYL BENZYL CARBINYL BUTYRATE,36.0,-2.693640947341919
25311,tridecanal,57.0,-2.156614303588867
25325,decahydro-2-naphthyl formate,22.0,-1.6915037631988523
25612,ROSALVA,56.0,-2.055365562438965
25916,"2-ETHYL-3,6-DIMETHYLPYRAZINE",86.0,-0.5977267622947693
26204,"5-METHYL-2,3-HEXANEDIONE",65.0,-1.188693881034851
26289,CUMINYL NITRILE,42.0,-0.6906923055648804
26333,2-ISOBUTYL-3-METHYLPYRAZINE,41.0,-0.8751856684684753
26334,"2-ETHYL-3,5(OR 6)-DIMETHYL PYRAZINE 99%",64.75,-0.5916824340820312
26447,MENTHONE,48.0,-0.4884865581989288
26808,"2,3,5 TRIMETHYL PYRAZINE",90.0,-0.2284572869539261
26955,BETA-IONONE,45.0,-1.2676062401770316
27209,(+-)-dihydroactinidolide,15.0,-1.2602323293685913
27440,2-ETHYL 4-METHYL THIAZOLE,75.0,0.7272753119468689
27457,2-ETHYL-3-METHYLPYRAZINE,78.0,-0.2629115283489227
27458,SHOYU PYRAZINE,74.0,-0.6077108979225159
27867,MENTHYL ACETATE RACEMIC,29.5,-1.9124014377593996
27941,ORIVONE,47.0,-0.9396541714668274
28905,"2,3-DIETHYL-5-METHYLPYRAZINE",53.0,-0.870381772518158
29096,DIHYDROMYRCENOL,44.5,-1.2630466222763062
29381,METHYL OCTYL ACETALDEHYDE,55.0,-1.191013216972351
30215,"2,4,5-TRIMETHYLOXAZOLE",90.0,0.7031006813049316
30249,TETRAHYDROGERANYL ACETATE,35.0,-1.8758546113967896
30771,CYCLOHEXYL ETHYL ACETATE,50.5,-0.9616540670394896
31209,A-AMYL CINNAMALDEHYDE,43.0,-2.1217427253723145
31210,BUTYL PHENYL ACETATE,60.0,-1.679615139961243
31211,4-(4 HYDROXY-3-METHOXYPHENYL) BUTAN-2-ONE,52.0,-3.853892326354981
31219,BENZYL PROPIONATE,31.0,-1.3702460527420044
31225,PHENYL ETHYL PROPIONATE,29.0,-1.4697825908660889
31226,3-PHENYLPROPYL ACETATE,34.0,-1.3757846355438232
31227,BENZYL ISOAMYL ETHER,25.0,-1.1228193044662476
31231,PARA-ANISYL METHYL KETONE,42.0,-1.1016520261764526
31242,4-ETHYLPHENOL,49.0,-1.4294570601181025
31244,PARA-ANISALDEHYDE,35.0,-1.4828041020500258
31246,4-HEPTANONE,35.0,0.7201950216242099
31253,MYRCENE,42.0,0.3201462861110539
31260,3-METHYL BUTANOL,65.0,0.4771569725243357
31264,PARALDEHYDE,65.0,0.8750969811963732
31265,ETHYL CAPROATE,53.0,0.2756833732128143
31268,PYRROLIDINE,100.0,1.7972675408307164
31272,BUTYL ACETATE,68.0,0.954278227243998
31276,ISOAMYL ACETATE,65.0,0.7481880270062004
31284,METHYL MYRISTATE,10.0,-3.309803919971486
31286,OCTANENITRILE,79.0,-0.1900613158941269
31289,ALD C9,60.0,-0.431798275933005
31353,LINALYL BENZOATE,18.66666666666667,-3.1962103843688965
31404,BUTYLATED HYDROXYTOLUENE,34.0,-2.0109597513442803
31408,NOPOL,29.0,-1.584937572479248
32052,DAMASCONE BETA,34.0,-1.404244065284729
32065,NUTTY PYRAZINE,61.0,-0.798126220703125
32093,2-ACETYL-3-METHYLPYRAZINE,55.0,-0.8387553095817566
32594,2-METHOXY 3 ISOBUTYL PYRAZINE,79.0,-0.9301373958587646
33032,L-GLUTAMIC ACID,2.0,-4.958607314841775
33135,2-ETHYL-3-METHOXYPYRAZINE,81.0,-0.335371196269989
33166,BEAN PYRAZINE,91.0,-0.5997197031974792
33637,2-METHOXYTOLUENE,45.0,0.0569210536777973
33931,ETHYL FURANEOL,45.0,-2.0833585262298584
34286,2-METHYL-3-FURANTHIOL,90.0,0.5629298686981201
35821,DIHYDRO ALPHA IONONE,47.0,-1.193299412727356
36081,PTBCHA PARATERTIARY BUTYL CYCLOHEXYL ACETATE,45.0,-1.7254968881607056
36822,TETRAHYDRO TERRAZINE A/K/A,75.0,-1.0603665113449097
37066,LAVENDER ALDEHYDE,55.0,-0.2880749702453613
39801,9-DECENYL ACETATE,21.0,-2.308133363723755
39914,MASSOIA LACTONE,45.0,-1.3757659196853638
41270,ZENOLIDE,43.0,-4.6671881675720215
42745,NONISYL ACETATE,37.0,-1.44167160987854
43263,2-PENTYL BUTYRATE,63.0,-0.3456222414970398
43851,ETHYL LINALYL ACETATE,38.0,-2.8221628665924072
47167,PHANTOLID,17.5,-4.178410053253174
60979,ETHYL P-ANISATE,20.0,-2.069702386856079
60983,"2,3-HEPTANEDIONE",79.0,-0.9411997199058532
60985,CITRONELLYL ISOBUTYRATE,43.0,-2.5193278789520264
60997,PARA CRESYL PHENYL ACETATE,30.0,-3.024252653121948
60998,ISOBUTYL PHENYL ACETATE,58.0,-1.946953535079956
60999,BENZYL PHENYL ACETATE,50.0,-3.3852906227111816
61006,PARA TOLYL ACETALDEHYDE,60.0,-0.3398177027702331
61015,BUTYL LAURATE,16.0,-3.654617547988892
61016,MELONAL,55.0,-0.0798967331647872
61020,3-METHYL-2-BUTENAL,57.0,0.7501582447810772
61030,OCTYL BUTYRATE,62.0,-1.926275968551636
61031,ALD C12 MNA,55.0,-1.4707130193710327
61041,SAFRANAL,60.0,-0.617114782333374
61046,BENZYL ISO EUGENOL,39.0,-2.6554431915283203
61047,ISOEUGENYL PHENYL ACETATE,55.0,-3.859220504760742
61048,ISOBUTYL BENZOATE,38.0,-1.956339120864868
61054,ANISYL FORMATE,17.0,-1.8623054027557373
61098,LINALYL PROPIONATE,36.0,-2.6170032024383545
61124,BETA-HOMOCYCLOCITRAL,35.0,-0.8990174531936646
61134,BENZYL BUTYL ETHER,35.0,-1.144696593284607
61137,BUTYL VALERATE,33.0,-0.498020201921463
61151,METHYL METHOXY BENZOATE,19.0,-1.8674371242523196
61155,2 METHOXY PHENYL ACETATE,28.0,-1.8104350566864011
61177,HEXYL FORMATE,48.0,0.3146997988224029
61183,TETRAHYDROFURFURYL PROPIONATE,55.0,-0.7559319734573364
61184,ISOPROPYL BUTYRATE,39.0,0.7759948968887329
61185,AMYL OCTANOATE,33.0,-2.2985105514526367
61204,DELTA UNDECALACTONE,42.0,-1.2510367631912231
61206,FARNESYL ACETONE,30.0,-3.717970848083496
61209,METHYL CYCLOPENTENOLONE,55.0,-0.8907707929611206
61229,VANILLIN ACETATE,30.0,-3.210906982421875
61235,3-NONANONE,55.0,-0.2024611979722976
61260,2-PROPIONYLPYRROLE,43.0,-0.027328485623002
61261,2-(METHYLTHIO)PHENOL,67.0,-1.2025010585784912
61294,OCTYL OCTANOATE,31.0,-3.972422361373901
61295,S-PROPYL THIOACETATE,92.0,-0.0959772542119026
61296,ISOAMYL ACETOACETATE,28.0,-1.3592602014541626
61302,4-PHENYL-2-BUTANOL,28.0,-1.5466623306274414
61303,2-PENTADECANONE,20.0,-3.325590848922729
61319,ALLYL PROPIONATE,75.0,0.9310850501060486
61325,STRAWBERRY FURANONE METHYL ETHER,80.0,-0.602289617061615
61331,GUAIACYL PHENYL ACETATE,15.0,-3.2912728786468506
61334,FURANEOL ACETATE,53.0,-2.722290515899658
61341,2-BENZOFURANCARBOXALDEHYDE,45.0,-1.2879244089126587
61375,CYCLOHEXYL PROPIONATE,42.0,-0.7688933610916138
61384,2-PHENYLETHYL HEXANOATE,28.0,-2.235529661178589
61385,2-ISOBUTYL PYRIDINE,89.0,-0.7442255616188049
61386,ISO AMYL LAURATE,19.0,-4.150471687316895
61403,LEAFY ACETAL,35.0,-1.488107442855835
61410,ALLYL NONANOATE,12.0,-2.298824548721313
61417,ANISYL PROPIONATE,33.0,-2.10486912727356
61431,OCTACETAL,37.0,-0.669284999370575
61446,PAPYA ISOBUTYRATE,17.0,-3.0146758556365967
61448,2-ETHYLBUTYL ACETATE,59.0,-0.1521106362342834
61450,ETHYL 2-FURANPROPIONATE,30.0,-1.3102412223815918
61455,HEXYL ISOVALERATE,30.0,-1.5026565790176392
61516,LILAC PENTANOL,35.0,-1.4260742664337158
61585,CELESTOLIDE,14.0,-3.425933990103397
61586,4-(ETHOXYMETHYL)-2-METHOXYPHENOL,21.0,-1.896723389625549
61592,ETHYL METHYL MERCAPTOPROPIONATE,70.0,-0.4401046931743622
61631,METHYL 3-NONENOATE,33.0,-0.9627216458320618
61634,CARAMEL DIONE,59.0,-1.300577998161316
61641,METHYL 3 METHYL PROPIONATE,85.0,0.1002600267529487
61653,TRIMETHYL TRIAZOLE,80.0,0.3736405670642853
61657,2-METHYL 5-(METHYLTHIO) FURAN,85.0,0.0788696929812431
61659,DIFURFURYL SULFIDE,35.0,-0.9292524456977844
61660,FURFURYL THIOACETATE,52.0,-0.8148360252380371
61663,bread thiophene,62.0,-0.3400508463382721
61664,BLACKBERRY THIOPHENONE,65.0,0.143402874469757
61665,2-ISOPROPENYL-5-METHYL-5-VINYLTETRAHYDROFURAN,32.0,-0.5620430111885071
61670,"METHYL QUINOXALINE, 5",63.0,-1.169978141784668
61743,9-DECENOIC ACID,39.0,-3.0434908866882324
61771,FRESKOMENTHE,42.0,-0.5613999962806702
61808,TROPICAL THIAZOLE,72.33333333333333,-0.0155722694471478
61809,2-ETHOXY THIAZOLE,81.0,-0.0756284818053245
61812,BUTYL 2-METHYLBUTYRATE,48.0,-0.3533706068992615
61814,"2,4-DIMETHYLBENZALDEHYDE",41.0,-0.9877143502235411
61829,"1,2-BUTANEDITHIOL",100.0,1.5072405338287354
61832,GALBANOLENE SUPER,68.0,-1.116960883140564
61840,4-ETHYL OCTANOIC ACID,60.0,-1.9409724473953247
61918,2 ACETYL 3 ETHYL PYRAZINE,57.0,-1.3158618211746216
61945,PIRAZINYL ETHANE THIOL,100.0,0.1727509796619415
61951,"2-METHYL-5,7-DIHYDRO PYRIMIDINE",37.5,-0.4716388583183288
61953,THEASPIRANE,37.0,-0.537385106086731
61982,PARA-MENTHA-8-THIO-3-ONE NATURAL,68.0,-0.5868236422538757
62002,(Z)-ALPHA-DAMASCONE,52.0,-1.190860390663147
62003,4-METHYLNONANOIC ACID,29.0,-2.547422170639038
62013,LYCHEE MERCAPTAN ACETATE,68.0,-1.042449951171875
62024,PINEAPPLE PENTENOATE,31.0,0.2409812659025192
62069,"2-ethyl-4,5-dimethyloxazole",83.0,-0.2006068378686905
62089,4 METHYL OCTANOIC ACID,62.0,-2.2363274097442627
62092,P-CRESYL ISOVALERATE,41.0,-1.6951457262039185
62098,HELIOTROPYL ACETONE,30.0,-2.2100517749786377
62105,"2,5-DIMETHYL-1,4-DITHIANE-2,5-DIOL",83.0,-1.5245368480682373
62128,2-METHYLTETRAHYDROFURAN-3-THIOL,80.0,0.7421031594276428
62144,FURFURYL THIOFORMATE,85.0,-0.7788111567497253
62151,L-MENTHYL LACTATE,19.0,-3.8180277347564697
62240,CONIFERAN,33.5,-2.1781859397888184
62321,LINALYL BUTYRATE,59.0,-3.122939348220825
62328,TERPINYL PROPIONATE,35.0,-2.070651769638061
62329,MUSK XYLOL,40.0,-6.657577319177793
62332,PHENYL ETHYL SALICYLATE,30.0,-4.170715808868408
62334,VERDOX (IFF),45.0,-1.5906521081924438
62336,2-PHENYL PROP ALD DIMETH ACET,60.0,-1.3671019077301023
62348,VANILLYL ALCOHOL,60.0,-3.3465521335601807
62351,3-METHYLTHIOPROPYL ISOTHIOCYANATE,59.0,-0.3627864122390747
62367,4-THUJANOL,31.0,-1.467821717262268
62374,4-OXOISOPHORONE,59.0,-1.820922255516052
62378,DIHYDROJASMONE,40.0,-0.97519052028656
62384,PROPYLENE GLYCOL ACETONE KETAL,92.0,1.1019420623779297
62385,"ALPHA,P-DIMETHYLSTYRENE",60.0,-0.2187968641519546
62433,PENTYL VALERATE,46.0,-0.9980255365371704
62434,ALLYL METHYL DISULFIDE,93.0,0.9505433440208436
62444,S-METHYL THIO BUTYRATE,100.0,0.1453488320112228
62445,2-METHYLBUTYL ISOVALERATE,29.0,-0.624912679195404
62447,ALD C11 MIXED,57.0,-1.2457234859466553
62453,4-VINYL PHENOL,30.0,-1.2538564205169678
62539,"HEXANE DIONE 3,4",70.0,-0.6126330494880676
62553,isopropyl phenyl acetate,50.0,-1.310388445854187
62571,AMYL LAURATE,47.0,-4.326484203338623
62572,ETHYL 3 HYDROXY BUTYRATE,19.0,-0.3663589358329773
62580,HELIOTROPYL ISOBUTYRATE,25.0,-2.525956630706787
62583,EPSILON-DECALACTONE,39.0,-1.229081153869629
62592,HEPTYL BUTYRATE,30.0,-1.55824077129364
62654,CYCLEMAX,46.0,-1.4585456848144531
62661,ISOBUTYL BENZYL CARBINOL,27.0,-1.692551612854004
62835,CARAMEL FURANONE,33.0,-1.6555941104888916
62900,WHISKEY LACTONE,48.0,-0.912657618522644
62902,MANZANATE,60.0,0.2372659742832183
64678,TETRADECANENITRILE,25.0,-2.087928533554077
64685,BORNEOL CRYSTALLISE,34.0,-1.2992962828549806
64805,HELIONAL,35.0,-1.9042251110076904
64813,CANTHOXAL,16.0,-1.961102843284607
65288,2-propionylthiazole,55.0,-0.5060761570930481
65413,3-(METHYLTHIO)-1-HEXANOL,65.0,-0.6323321461677551
65575,CEDROL,27.0,-3.6330113410949703
66327,PEONILE,31.5,-1.262571096420288
66356,ISOBUTYL PENTANOATE,48.0,-0.5143215656280518
66678,"6-METHYL-1,2,3,4-TETRAHYDROQUINOLINE",42.0,-1.0476293563842771
66768,ISO JASMONE,33.0,-1.070254921913147
68150,FARNESAL,25.0,-2.6135196685791016
68481,2-METHOXYACETOPHENONE,32.0,-1.4126176834106443
68960,ISOBUTYL ISOTHIOCYANATE,79.0,0.5580462217330933
69354,METHYL LEVULINATE,38.0,-0.334123432636261
69415,PENTYL ISOTHIOCYANATE,80.0,0.4457070529460907
69467,2-THIOPHENEMETHANOL,21.0,-0.6095402836799622
69600,2-HYDROXY-4-METHOXYBENZALDEHYDE,55.0,-3.244656801223755
69885,ACETYL TETRALIN,45.0,-1.5289300680160522
69963,5-HEXEN-1-OL,42.0,-0.1903200000524521
70129,4-METHOXYBENZONITRILE,25.0,-0.7251511812210083
73750,S-METHYL THIOACETATE,92.0,1.1857486963272097
74005,4-ISOBUTYL QUINOLINE,57.0,-1.5220495462417605
74279,RHUMACETAL,57.0,-0.7048726677894592
74408,OXALIDE T (TAKASAGO),33.0,-3.912198543548584
74786,ETHYL 4-PENTENOATE,95.0,0.7080876231193542
74791,DECANENITRILE,89.0,-0.6953150033950806
74879,ORINOX,22.0,-2.0742735862731934
74901,ISOAMYL VALERATE,51.0,-0.7559633255004883
75140,P-ANISALDEHYDE DIMETHYL ACETAL,34.0,-1.163684606552124
75153,INDOCOLORE,56.0,-1.9945749044418333
75320,ISO AMYL DECANOATE,60.0,-2.9417402744293213
75715,ULTRAVANIL,55.0,-1.4736511707305908
76334,PALISANDIN (SYMRISE),30.0,-1.939353823661804
76674,3-METHOXY-5-METHYLPHENOL,45.0,-1.6829912662506104
76722,TANGERINE ACETATE,31.0,-3.571025848388672
77224,HEXANAL DIETHYL ACETAL,41.0,-0.4313224554061889
77289,METHYL OCTYL SULFIDE,73.0,0.118461400270462
78435,VERAMOSS,59.0,-4.114292144775391
78484,METHYL HEXYL ETHER,30.0,0.925377368927002
78639,DAMASCOL 4,25.0,-1.549689531326294
78640,VETIVAL,44.0,-1.2551052570343018
78925,METHYL THIO ETHANOL,70.0,0.670662522315979
79148,"1,4-BUTANEDITHIOL",95.0,0.8524944186210632
80046,DIISOPROPYL TRISULFIDE,75.0,0.1148628517985344
80790,CARVACRYL METHYL ETHER,19.0,-1.1516250371932983
80865,FRUCTONE,32.0,-0.6152800917625427
81263,RHODINOL,59.0,-1.1214126348495483
81898,VETIKON (SYMRISE),25.0,-1.1055740118026731
82227,D-A PINENE,33.0,0.5567124485969543
82229,(-)-FENCHONE,56.0,-0.574705958366394
82336,METHYL DIMETHYL ANTHRANILATE,39.0,-1.8008211851119995
82511,BENZYL OCTANOATE,15.0,-2.966376781463623
82584,BENZYL VALERATE,62.0,-1.7823026180267334
83268,DIMETHYL-2 HEPTAN-2-OL,58.0,-0.8384989500045776
83367,muguet alcohol (Symrise),23.0,-1.190605401992798
83655,1-(5-methylthiophen-2-yl)ethan-1-one,45.0,-0.6378266215324402
83763,MAYOL,44.0,-1.3955475091934204
84398,VERDORACINE,45.0,-1.103785753250122
84559,DODECANAL DIMETHYL ACETAL,7.0,-2.906242609024048
84614,METHYL 2-[(4-METHOXYBENZYLIDENE)AMINO]BENZOATE (OR ANISIMEA),62.0,-3.670032024383545
85519,3-(methylthio)propyl acetate,100.0,-0.5642693042755127
85522,METHYL (METHYLTHIO)ACETATE,79.0,0.6113901138305664
85730,MANGO FURANONE,70.0,-0.4381591081619262
85755,TERPINYL METHYL ETHER,49.5,-0.8236927390098572
85833,CANTRYL 502470,40.0,-0.6749575138092041
85903,CYCLOMETHYLENE CITRONELLOL,33.33333333333334,-1.4231071472167969
85979,3-PHENYLBUTYRALDEHYDE,82.0,-0.9624791145324708
86579,CYCLAPROP / TRICYCLODECENYL PROPIONATE,36.0,-1.942993402481079
86749,DIHYDROLINALOOL,48.0,-0.9734240770339966
86750,MUGUOL,42.0,-0.8026837346849218
86799,JASMAL,35.0,-1.936322331428528
87453,INDOLAROME,48.0,-1.7837679386138916
87813,nonanal dimethyl acetal (C-9),35.0,-0.9432061910629272
88267,PEOMOSA,50.0,-1.3994873762130735
88288,CEDROL METHYL ETHER,21.0,-2.5775909423828125
88454,HEXYL PROPIONATE,45.0,-0.3650478720664978
88792,VETIMOSS,21.0,-1.5187853574752808
89385,TETRAHYDRO LINALYL ACETATE,27.0,-1.7547969818115234
89440,TONALIDE,50.0,-4.272964000701904
89464,ETHYL 3-ACETOXYHEXANOATE,27.0,-2.4593069553375244
89802,METHYL 5-METHYLSALICYLATE,40.0,-3.1830148696899414
90776,BERGAMAL,50.0,-0.6865192651748657
90787,STEMONE,58.0,-0.5802732706069946
90818,OZONIL,57.0,-1.6059750318527222
90978,ISOLONGIFOLANONE,18.0,-3.0435094833374023
91115,PROFARNESAL,45.0,-2.1771128177642822
91337,APHERMATE,39.0,-1.432732343673706
91339,MUSK ACETATE,48.5,-1.3680137395858765
91388,HERBAC,50.0,-0.8712638020515442
91604,LYRAL,38.0,-3.2619621753692627
91696,TRASEOLIDE 100,35.0,-4.701333045959473
91978,PHENYL ETHYL ISOAMYL ETHER,25.0,-1.3351757526397705
92221,CAMPHENE,45.0,0.4771569725243357
92292,CASHMERAN,58.0,-2.4868781566619877
92543,MUGUESIA,30.0,-1.530714988708496
92606,DYNASCONE/NEOBUTENONE,95.0,-1.7005667686462402
92874,LAEVO-VERBENONE,34.5,-0.7453495264053345
93199,MYRAC ALDEHYDE,32.0,-1.3219481706619265
93639,Z11 MIP (FIRMENICH),48.0,-3.488277673721313
94014,INTRELEVEN ALDEHYDE,65.0,-1.0601757764816284
94111,BOISAMBRENE,30.0,-2.868646144866944
94403,Farnesyl Acetate,30.0,-3.94205904006958
94569,HERBOXANE,32.0,-1.0403521060943604
94648,MYROXIDE,49.5,-0.4462697803974151
95136,HELIOTROPINE DIETHYL ACETAL,27.5,-1.8646806478500368
95266,RESEDA BODY,28.0,-1.607171654701233
95392,FRAISTONE (IFF),38.0,-1.211841344833374
95539,BUTYL 2-METHYLVALERATE,34.0,-0.8769991397857666
95644,VERTOLIFF,77.0,-0.6335586309432983
98118,AURANTIOL,59.0,-5.612380504608154
98330,"2,5 DIHYDROXY 1,4 DITHIANE",30.0,-1.2946784496307373
98492,PENTYL PHENYLACETATE,60.0,-2.066213607788086
99818,LEATHER PROPIONATE,45.0,-3.819660425186157
100968,CALYXOL,53.0,-3.663036823272705
100990,CUMINYL ACETATE,18.0,-1.94580352306366
101010,2-TROPICAL OXATHIANE,48.0,-0.084792859852314
101330,CYCLOHEXYL SALICYLATE,33.0,-3.663639545440674
101363,DECANAL DIETHYL ACETAL,39.0,-2.6081767082214355
101549,VETIVEROL EX VETIVER HAITI,52.0,-3.364305257797241
101555,CYCLAMEN ALDEHYDE / MA SCHIFF BASE,30.0,-4.719323635101318
101921,CIS-HOMOMENTHOL,43.0,-1.0354766845703125
102120,CEDRENYL ACETATE CHINESE,25.0,-4.330349445343018
102579,"4,9,12,12-TETRAMETHYL-5-OXATRICYCLO(8.2.0.04,6)DODECANE",40.0,-1.9648332595825195
102681,VERDONE,67.0,-0.4206523895263672
102844,DIMETHYL OCTENONE,55.0,-0.2558068633079529
102849,VERDILYN,40.0,-1.2643887996673584
102916,IROTYL,39.0,-0.7441179752349854
102993,"2,4-DIMETHYL-1,3-DIOXOLANE",79.0,1.2687240839004517
103212,SANDALORE,30.0,-2.051541328430176
103377,OXYOCTALINE FORMATE,37.0,-4.091755390167236
103381,CETONAL,32.0,-1.5608807802200315
103401,PYRALONE,45.0,-1.7587919235229492
103402,VELOUTONE,35.0,-1.4815915822982788
103404,METHYL ETHOXYPYRAZINE,85.0,-0.3309951722621918
103648,PRECYCLEMONE B (IFF),50.0,-1.6507484912872314
103719,VERDALIA,60.0,-0.9632384777069092
103788,3-methylthio-2-butanone,90.0,0.3625081777572632
103826,DIHYDROMYRCENYL ACETATE,34.0,-2.187190532684326
104513,geranium thiazole,48.0,-0.5535585284233093
104721,"2-ACETYL-3,5-DIMETHYL PYRAZINE",72.0,-1.3625916242599487
105513,OZONE PROPANAL,37.0,-1.6813912391662598
105516,CENTIFOLYL (PHENYL ETHYL PIVALATE),34.0,-2.143165349960327
105664,FLORAMAT,40.0,-2.24389123916626
105755,CARYOPHYLLENE ACETATE,38.0,-4.852438449859619
105764,CURGIX,38.5,-1.118899941444397
106673,ISOCAMPHYLCYCLOHEXANOL (ICCH),6.0,-2.2263877391815186
106684,VERNALDEHYDE,55.0,-1.599195122718811
106714,HERBAVERT,55.0,-0.6471930742263794
106729,ALLYL AMYL GLYCOLATE,60.0,-1.3545244932174685
106740,LYRANTION,32.0,-5.373848915100098
106745,CYCLABUTE,36.0,-2.143197536468506
106746,DIHYDRO FLORALATE (IFF),41.0,-1.3363035917282104
106748,CITROLATE,38.0,-1.366809964179993
106756,APRIFLOREN,28.0,-1.2583715915679932
106766,METHYL PAMPLEMOUSSE,41.0,-0.7964497208595276
106997,2-ETHYLFENCHOL,25.0,-2.052043914794922
107071,PIVACYCLENE,23.0,-2.7084553241729736
107073,FIG CROTONATE DATILAT,33.0,-1.8638025522232056
107098,VETIKOL ACETATE,65.0,-2.301417350769043
107166,AMBROX SUPER,47.0,-3.0082662105560303
107217,FENCHYL ACETATE,43.0,-1.517305850982666
107271,SYVERTAL,70.0,-0.8578298091888428
107381,FLOROPAL,45.0,-1.3048295974731443
108242,ISO E SUPER (IFF),38.0,-2.58959436416626
108312,PHENYL HEXANOL,58.0,-1.800721287727356
108313,MEFRANAL,58.0,-1.4250556230545044
108443,ROSYRANE,50.0,-1.0770645141601562
108625,NONANAL DIETHYL ACETAL,29.0,-1.9690353870391848
109245,TRIPLAL / ETHYL ANTHRANILATE SCHIFF'S BASE,80.0,-3.9209818840026855
109332,THIOCINEOL PURE,20.0,-0.0673661530017852
109455,VANILLIN PROPYLENE GLYCOL ACETAL,40.0,-3.131386041641236
109457,ETHYL VANILLIN P.G. ACETAL,50.0,-3.078629970550537
109458,ISOCYCLOGERANIOL,20.0,-1.2037979364395142
109640,quinoleine isobutyl,54.0,-1.7723665237426758
110747,TETRAHYDROCITRAL,56.0,-0.8054782748222351
110914,SUZARAL,52.0,-2.6530139446258545
110923,LIMONENE ALDEHYDE,62.0,-1.1835048198699951
110977,DELTA-TRIDECALACTONE,20.0,-1.665778398513794
111037,TERPINYL ACETATE,35.0,-1.6245864629745483
111384,AZARBRE,37.0,-0.936418116092682
111416,ALDRON (SYMRISE),10.0,-2.2752280235290527
111418,GLYCOLIERRAL,35.0,-1.439399242401123
111727,ALLYL CYCLOHEXYL GLYCOLATE,60.0,-1.8014707565307615
112226,MELAFLEUR,41.0,-1.2640860080718994
112446,LEMONILE,48.0,-0.2298372834920883
112491,METHOXY MELONAL,57.5,-0.6526160836219788
113514,RHUBAFURAN,56.0,-0.9738120436668396
113640,BERRYFLOR,18.0,-2.3761515617370605
114233,MUGETANOL,35.0,-1.9167982339859009
114454,JASMATONE,39.0,-1.110208511352539
116699,NORLIMBANOL,70.0,-2.4385433197021484
116736,FLORAL SUPER,68.0,-0.6904153823852539
117477,Ethyl 4-methylvalerate,78.0,0.41948401927948
118111,PINO ACETALDEHYDE,36.0,-1.028400182723999
118119,JACINTHAFLOR,47.0,-0.982945203781128
118201,ETHYL SAFRANATE,62.0,-1.5523993968963623
118292,KEPHALIS,50.0,-2.988533735275269
119674,MAGNOLAN,12.0,-2.137747287750244
119800,METHYL CYCLOGERANATE,34.0,-1.2027212381362915
121790,ETHYL 2-ACETYLOCTANOATE,29.0,-2.89176082611084
122941,2-ETHOXY-3-METHYLPYRAZINE,92.0,-0.2833439707756042
139743,methyl cyclohexylacetate,52.0,-0.8385145664215088
141850,1-PHENYLETHANETHIOL,85.0,0.1571494042873382
142266,BENZYL ACETOACETATE,44.0,-3.405792713165283
156605,KHUSINIL (IFF),32.0,-1.484600305557251
157342,FRUITY CARBOXYLATE,32.0,-1.5201634168624878
160641,POIRENATE,42.0,-1.3216384649276731
161675,MYSORE ACETATE,12.0,-1.7399146556854248
161676,MELOZONE,60.0,-1.1665548086166382
161949,MADROX,35.0,-2.4237990379333496
161960,JESSEMAL,27.0,-2.061960458755493
162027,ACETALDEHYDE ETHYL LINALYL ACETAL,42.0,-2.231466770172119
162053,OSYROL / ACSANTOL,12.0,-1.5349366664886477
162248,DIHYDROAMBRATE,32.0,-2.6631288528442383
162249,DIHYDRO ISOJASMONATE,19.0,-2.929312467575073
162309,MARITIMA,54.0,-1.8428955078125
162409,CYCLOPIDENE,48.0,-0.5462969541549683
162413,ISONONYL ACETATE,40.0,-1.4324678182601929
162452,POLYAMBROL,47.0,-2.2390291690826416
162481,PLICATONE,36.5,-1.3976680040359497
163414,GARDAMIDE,40.0,-1.618103265762329
163588,PERANAT,44.0,-1.6482497453689575
163617,RHUBOFLOR,45.0,-1.6143743991851809
164355,FLEURANIL,38.0,-1.31477153301239
164422,AMBER CORE,35.0,-2.413914680480957
166220,BRAHMANOL (SYMRISE),27.0,-1.515675663948059
166450,BUCCOXIME,60.0,-1.2821860313415527
166517,SAKURA SALICYLATE (TAKASAGO),10.0,-3.73980712890625
166527,HYACINTH ETHER,36.0,-1.1375327110290527
170833,ISOPULEGOL,28.0,-1.2009211778640747
170977,1-DECEN-3-OL,27.0,-1.8031214475631716
174490,ISOBORNYL ISOBUTYRATE,25.0,-2.045550346374512
175661,NECTARYL,43.0,-2.37259292602539
175948,MAJANTOL,49.0,-1.39175283908844
219672,SPICY PENTANONE,50.0,-1.0385736227035522
226486,"4-ALLYL-2,6-DIMETHOXYPHENOL",28.0,-3.057780265808105
228583,2-FURYLACETONE,49.0,-0.2650088369846344
228588,2-BUTYRYLFURAN,67.0,-0.4736491441726684
228769,OCTYL ISOVALERATE,19.0,-2.261074542999268
228987,LILIAL,44.0,-2.3208885192871094
229387,DECYL BUTYRATE,62.0,-2.9161577224731445
229888,PHENETHYL OCTANOATE,24.0,-2.977370500564575
231325,2-VALERYLFURAN,33.0,-0.6831246018409729
234237,JASMONYL,38.0,-2.960918426513672
237332,5-hydroxymethyl furfural,20.0,-2.339571714401245
240119,LINALYL ISOVALERATE,39.0,-3.225133419036865
240925,"4-METHYL-2,6-DIMETHOXYPHENOL",59.0,-2.328070640563965
243675,Anisyl butyrate,62.0,-2.307047843933105
243783,CYCLOHEXYL BUTYRATE,33.0,-1.2343504428863523
246728,ETHYL AMYL KETONE,48.0,0.3010299956639812
249494,HYDROXYCITRONELLOL,33.0,-2.0222771167755127
250096,(E)-BENZYL TIGLATE,13.0,-1.9284124374389648
251531,PHENYL ETHYL FUROATE,25.0,-2.9568309783935547
254555,FRUCTALATE,45.0,-2.589892864227295
285097,LACTOJASMONE,25.5,-1.229643702507019
287439,CYCLOHEXYL ISOVALERATE,28.0,-1.1975990533828735
329983,MENTHOFURAN,64.0,-0.9267978072166444
439570,L-CARVONE,59.0,-0.716519832611084
440917,D-LIMONENE,41.0,0.1538505816920877
440967,(-)-BETA-PINENE,27.0,0.215498000383377
442343,(-)-ALPHA-BISABOLOL,5.0,-2.544987201690674
442495,(R)-(+)-PULEGONE,39.0,-0.910094888560602
443157,(S)-(-)-CITRONELLAL,49.0,-0.7908384203910828
443158,L-LINALOOL,41.0,-0.8191697597503662
444294,(-)-CAMPHOR,28.0,-0.6941672563552856
444539,CINNAMIC ACID,28.5,-3.175791025161743
459494,CORPS RACINE (SYMRISE),55.0,-0.9925307631492616
517827,CYMAL,55.0,-2.2407376766204834
518810,3-MERCAPTOHEXYL ACETATE,68.0,-0.6122251152992249
519382,DIHYDRO IONONE BETA,30.0,-1.354406237602234
519539,2-SEC-BUTYLTHIAZOLE,67.0,0.1272310018539428
519786,ISOAMYL ISOBUTYRATE,45.0,0.3291000127792358
519845,PINEAPPLE HYDROXYHEXANOATE,47.0,-1.217063546180725
519890,METHYL 2-METHYL VALERATE,79.0,0.7309036254882812
520098,2-SEC-BUTYL-3-METHOXYPYRAZINE,36.0,-0.9325978755950928
520108,2-ACETYLTHIAZOLE,62.0,-0.3497489988803863
520148,PHENETHYL 2-METHYLBUTYRATE,45.0,-1.899675130844116
520326,ISOAMYL 2-METHYL BUTYRATE,33.0,-0.6587540507316589
521238,3-OCTYL ACETATE,36.0,-0.9600525498390198
521246,ACETOIN ACETATE,45.0,-0.4552961885929107
521869,S-METHYL THIOPROPANOATE,85.0,0.4453887641429901
522214,ISOPROPYL 2-METHYLBUTYRATE,35.5,0.3943800330162048
522514,LIMETOL,40.0,-0.4357611835002899
522676,ISOAMYL NONANOATE,35.0,-2.870248317718506
522677,ISOBUTYL ACETOACETATE,20.0,-1.5438648462295532
526618,2-METHYL 3-METHYL THIO FURAN,79.0,0.5468820333480835
529481,METHYL NONANE DIONE,63.0,-1.966208338737488
534634,GLOBANONE (MIXURE OF ISOMERS CYCLOHEXADEC-8-EN-1-ONE),37.5,-2.804594755172729
539829,ISOBUTAVAN,52.5,-3.44717788696289
551316,TETRAHYDROFURFURYL BUTYRATE,33.0,-1.2318388223648071
560255,ETHYL 3-METHYLPENTANOATE,70.0,0.2693498432636261
560879,ALPHA-METHYL CINNAMYL ALCOHOL,33.0,-1.3252283334732056
569214,1-PHENYLETHYL ISOBUTYRATE,68.0,-1.7687060832977295
570574,styralyl butyrate,45.0,-1.813892126083374
576240,2-PHENYLPROPYL ISOBUTYRATE,22.0,-2.280564785003662
578423,TERPINYL BUTYRATE,55.0,-2.650795221328736
605629,METHYL P-TERT-BUTYLPHENYLACETATE,49.0,-2.5371415615081787
637195,PHYTYL ACETATE,27.0,-4.863529682159424
637563,ANETHOL,30.0,-1.3885065359955886
637566,GERANIOL,43.0,-1.2242945432662964
637758,ETHYL CINNAMATE,49.5,-1.5636308193206787
637776,TRANS-METHY LISOEUGENOL,32.0,-1.4998483657836914
638011,(E)-CITRAL,65.0,-0.1073100268840789
638014,(E)-BETA-IONONE,19.0,-1.2676062401770316
638024,PIPERINE,28.0,-3.257972240447998
641248,trans-4-hexen-1-ol,71.0,-0.1629993170499801
641298,O-METHOXYCINNAMALDEHYDE,34.0,-2.12894868850708
643731,"2,6 NONADIENAL",75.0,-0.1681067496538162
643941,CIS 3 HEXENAL,85.0,1.1092077493667605
778574,ISOBUTYL CINNAMATE,37.0,-2.713156223297119
853433,ISOEUGENOL,54.0,-1.6989700043360187
929262,SCLAREOLIDE,5.0,-3.985775232315064
1201518,LAEVO BORNEOL,36.0,-1.430786371231079
1201521,(+)-FENCHONE,52.0,-0.5796546936035156
1201529,(1R)-(-)-MYRTENAL,43.0,-0.785201907157898
1268142,(+)-NOOTKATONE,37.0,-3.177985191345215
1549018,CIS JASMONE,56.0,-0.9727153778076172
1549025,NERYL ACETATE,17.0,-1.7388197183609009
1549778,GERANYL ACETONE,28.0,-1.4569307565689087
1549992,(+/-)-ALPHA-BISABOLOL,12.0,-2.552773714065552
1550470,ETHYL SORBATE,42.0,-0.1557600498199463
1550846,CINNAMYL NITRILE,58.0,-0.6872279644012451
1712087,CIS-ROSE OXIDE,52.0,-0.6118025183677673
1742210,B CARYOPHYLLENE OXIDE,55.0,-2.0429930686950684
2733294,TRANS-2-HEXENYL ACETATE,55.0,-0.0993243232369422
2733977,PASSIFLORA ACETATE,41.0,-2.325312376022339
3017432,FLOROSA,42.0,-1.270198941230774
3017783,MELUSAT,37.5,-0.9119659662246704
3017923,FRUTONIL,26.0,-0.8954331874847412
3018907,ISO PENTYRATE,55.0,-0.823291540145874
3019960,2-PENTYLCYCLOPENTAN-1-OL,55.0,-1.470702052116394
3020082,ACALEA,19.0,-2.538465738296509
3021997,PAMPLEFLEUR,34.0,-1.7252627611160278
3023838,2-(4-METHYL-5-THIAZOLYL)ETHYL BUTYRATE,35.0,-1.9103615283966064
3023839,2-(4-METHYL-5-THIAZOLYL)ETHYL HEXANOATE,40.0,-2.2160661220550537
3033030,CITRONELLYL NITRILE,55.0,-0.0631147176027298
3034267,CANTHALIDE,48.0,-4.555727005004883
3034278,OKOUMAL,54.0,-4.0091471672058105
3034893,LIGUSTRAL (TRIPLAL / MA SCHIFF BASE),55.0,-3.581514596939087
3085812,MYRALDYL ACETATE,41.0,-3.1133360862731934
3321360,"METHYLCYCLOHEXANE-1,2-DIONE, 3-(COFFEE DIONE)",74.0,-1.2036808729171753
3354132,MALTOL ISOBUTYRATE,55.0,-3.000082492828369
3591866,AMBRETTOLIDE,55.0,-4.1340861320495605
3782139,CELERY KETONE,31.0,-0.9469054937362672
4047281,ETHYL (4-METHYLPHENOXY)ACETATE,69.0,-2.0022778511047363
4100752,CORPS ORANGER,33.0,-4.571927070617676
4564493,TOFFEE FURANONE,59.0,-1.2955894470214844
4682590,CASSIS PENTANONE,78.0,-0.549004316329956
5084146,VANILLYL BUTYL ETHER,26.0,-2.660388231277466
5273464,ISOPROPYL CINNAMATE,25.0,-2.2130112648010254
5273465,BUTYL CINNAMATE,22.0,-2.534296989440918
5273467,ISOAMYL CINNAMATE,29.0,-2.7148971557617188
5273469,BENZYL CINNAMATE,44.0,-3.4822394847869877
5281162,ETHYL DECADIENOATE,45.0,-2.020965814590454
5281167,CIS-3-HEXENOL NATURAL,42.0,-0.1160754337906837
5281168,TRANS-2-HEXENAL,60.0,0.8238857388496399
5281515,CARYOPHYLLENE,39.0,-1.7974532842636108
5281517,(E)-BETA-FARNESENE,24.0,-2.248653650283813
5281520,ALPHA-HUMULENE,26.0,-1.2662969827651978
5281535,SINENSAL NATURAL EX ORANGE,44.0,-3.7214162349700928
5282108,IONONE-ALPHA,48.5,-1.7212463990471711
5282110,CINNAMYL ACETATE,47.0,-1.669824719429016
5282724,(E)-2-DECENOIC ACID,32.0,-2.711729049682617
5283324,TRANS-2-OCTENAL,77.0,-0.0728295743465423
5283335,(E)-2-NONENAL,58.0,-0.6973465085029602
5283345,TRANS-2-DECENAL,60.0,-1.1118195056915283
5284503,TRANS-3-HEXEN-1-OL,41.0,-0.1066373512148857
5284507,NEROLIDOL,32.5,-3.3677759170532227
5315892,(E)-CINNAMYL ALCOHOL,50.0,-1.6515227556228638
5318042,2-HEXEN-1-OL,54.0,-0.126015156507492
5324489,CIS-2-HEXEN-1-OL,80.0,-0.1007504984736442
5352438,CIS 3 HEXENYL BUTYRATE,60.0,-0.8714215755462646
5352460,TRANS-2-HEXENYL ISOVALERATE,55.0,-1.189059495925903
5352461,TRANS-2-HEXENYL BUTYRATE,50.0,-0.956501305103302
5352463,TRANS-2-HEXENYL PROPIONATE,45.0,-0.4538653194904327
5352539,CIS 3 HEXENYL ISOBUTYRATE,62.0,-0.3487945795059204
5352543,CIS 3 HEXENYL HEXENOATE,55.0,-0.971936583518982
5352626,JASMINLACTONE,48.0,-1.0298092365264893
5352974,TRANS-2-HEXENYL VALERATE,55.0,-1.3254673480987549
5354238,VANILLYLIDENE ACETONE,30.0,-3.619025230407715
5354280,PROPENYLGUAETHOL,35.0,-2.183596611022949
5354883,CINNAMYL FORMATE,38.0,-1.8685935735702517
5355254,CINNAMYL BUTYRATE,34.0,-2.1450085639953613
5355293,ISO AMBRETTOLIDE,33.0,-3.4753236770629883
5355850,CINNAMYL PROPIONATE,38.0,-1.9404115676879885
5355853,GERANYL PROPIONATE,50.0,-2.398078680038452
5362583,ETHYL TRANS-4-DECENOATE,28.0,-1.1103326082229614
5362620,CIS-4-DECENAL,68.0,-0.651527464389801
5362622,ETHYL 3-HEXENOATE,45.0,0.1319993734359741
5362696,"2,4-DECADIEN-1-OL",42.0,-2.2562503814697266
5362720,CIS 6 NONENAL,78.0,-0.4811863005161285
5362792,CIS 6 NONENOL,41.0,-1.1582534313201904
5362798,CIS 4 DECENOL,56.0,-1.7463314533233645
5362814,CIS-4-HEPTENAL,62.0,0.3974851071834564
5363120,"(E,Z)-2,6-NONADIENYL ACETATE",71.0,-1.3961079120635986
5363203,trans-2-heptenyl acetate,39.0,-0.5359296202659607
5363229,3-OCTEN-2-ONE,58.0,-0.1728942245244979
5363233,3-DECEN-2-ONE,49.0,-0.8668233752250671
5363291,CIS-3-HEXENYL PYRUVATE,42.0,-0.9664466977119446
5363817,ALPHA-IONOL,29.0,-1.633702039718628
5364231,CIS 3 HEXENYL LACTATE,58.0,-2.1597113609313965
5364399,ETHYL TRANS-2-OCTENOATE,44.0,-1.0937336683273315
5364519,CIS-3-OCTEN-1-OL,30.0,-0.531309187412262
5364532,METHYL 2-OCTENOATE,58.0,-0.5659850239753723
5364631,CIS-3-NONEN-1-OL,45.0,-1.131793975830078
5364752,trans-2-pentenal,79.0,1.1600719690322876
5364919,CIS-2-PENTEN-1-OL,40.0,0.2113353461027145
5364941,TRANS-2-NONEN-1-OL,63.0,-1.4401592016220093
5365027,CIS 2 NONENOL,37.0,-1.4506902694702148
5365069,CIS 3 HEXENYL METHYL BUTYRATE,47.0,-1.252225637435913
5365587,CIS-3-HEXENYL FORMATE,60.0,0.5957840085029602
5365589,CIS-4-HEXEN-1-OL,68.0,-0.1324335932731628
5365699,LIFFAROME,64.0,-0.3963180482387543
5365850,GERANYL VALERATE,38.0,-3.40638279914856
5365891,2-OCTEN-4-ONE,90.0,0.1401219815015792
5365910,METHYL GERANATE,39.0,-1.2416669130325315
5365916,DAMASCONE DELTA,45.0,-1.399730205535889
5365976,ALLYL A IONONE,63.0,-2.9067511558532715
5365982,NERYL PROPIONATE,34.0,-2.2336437702178955
5365991,NERYL ISOBUTYRATE,41.0,-2.8064939975738525
5365992,GERANYL CAPROATE,14.0,-3.717176914215088
5366074,DAMASCENONE TOTAL,43.0,-1.5968886613845823
5366077,(E)-ALPHA-DAMASCONE,51.0,-1.190860390663147
5366155,ISO AMYL ANGELATE,57.0,-0.629497766494751
5366352,LEAF ALCOHOL (ETHYL) ACETAL,32.0,-0.439714103937149
5367536,CIS-4-HEPTEN-1-OL,36.0,-0.4723548591136932
5367681,CIS-3-HEXENYL 3-METHYLBUTANOATE,39.0,-1.15103280544281
5367682,CIS-3-HEXENYL VALERATE,52.0,-1.3219590187072754
5367698,CIS 3 HEXENYL PHENYL ACETATE,50.0,-2.6416540145874023
5367785,GERANYL TIGLATE,34.0,-3.5856151580810547
5367807,ISOBUTYL ANGELATE,56.0,-0.4987193346023559
5368821,ALLO OCIMENE,43.5,0.0275840554386377
5369459,PHENETHYL CINNAMATE,30.0,-3.586035966873169
5369997,BORONAL,38.0,-1.773959755897522
5370602,5-METHYL-2-PHENYL-2-HEXENAL COCAL,75.0,-2.1381494998931885
5371002,ALPHA-IRONE,40.0,-1.982308268547058
5371084,N-METHYL IONONE,45.66666666666666,-1.695176601409912
5371802,E-3-(P-TOLYL)ACRYLALDEHYDE,36.0,-0.9877050518989564
5372174,GAMMA METHYL IONONE,40.0,-1.7034106254577637
5372195,BETA-ISOMETHYLIONONE,21.0,-1.5539851188659668
5372813,A-METHYL CINNAMALDEHYDE,41.0,-0.887326717376709
5374527,DAMASCONE B,58.0,-1.404244065284729
5375215,IRONE V,25.0,-1.641464352607727
5375218,BETA-METHYLIONONE,35.0,-1.498054027557373
5463791,ROSAPHEN (SYMRISE),40.0,-1.7021430730819702
5463840,BENZALDEHYDE GLYCERYL,20.0,-4.204644203186035
5463855,FRUITALEUR,59.0,-0.0065341191366314
5463911,HYDROXY CITRONELLAL DIETHYL ACETAL,15.0,-3.550872325897217
5702654,DECENAL,70.0,-0.851419985294342
6112709,OCIMENYL ACETATE,45.0,-2.374639749526977
6422476,1-(CYCLOPROPYLMETHYL)-4-METHOXYBENZENE,30.0,-1.0771490335464478
6430180,TANGERINAL 94%,68.0,-1.2251386642456057
6431148,ALDEHYDE SUPRA,59.0,-0.9460213780403136
6433089,VIOLETTYNE MIP (FIRMENICH),35.0,-1.0380544662475586
6433547,ETHYL LINALOOL,38.0,-1.2373290061950684
6435882,CIS 3 HEXENYL CIS 3 HEXENOATE,65.0,-1.467749834060669
6437266,EBANOL,24.0,-1.8175944089889529
6437428,APRITONE,45.0,-2.3269739151000977
6438067,ISODAMASCONE,37.0,-1.2738888263702393
6438070,JASMIN LACTONE BB,52.0,-0.860041618347168
6438193,2-NONENENITRILE,82.0,-0.6462932229042053
6438195,SANDALMYSORE,28.0,-1.5168125629425049
6438196,BAGDANOL,44.0,-1.7064272165298462
6438291,DUPICAL,48.5,-1.4051907062530518
6438319,JASMALACTONE,60.0,-1.2313426733016968
6440618,ACETYLCEDRENE,40.0,-3.7426464557647705
6440993,FRUTINATE,34.0,-0.9030321836471558
6441135,UNDECAVERTOL,55.0,-1.5502535104751587
6441804,CEDROXIDE,26.0,-1.7162342071533203
6993580,DIETHYL L-(+)-TARTRATE,5.0,-3.81318998336792
6999977,(+)-BUTYL LACTATE,41.0,-1.2154213190078735
9815427,CLARITONE,48.0,-1.075050950050354
9815980,HYDROXYAMBRAN,36.5,-3.237631320953369
9834606,MUSCENONE DELTA,56.0,-3.4188461303710938
9837013,GAMMA DAMASCONE,52.0,-1.560574293136597
9856149,HABANOLIDE,55.0,-3.0328941345214844
10104370,BETA-BISABOLENE,27.0,-1.5620131492614746
10149036,SAFRALEINE,34.0,-1.375954031944275
10857465,AMBROXAN,57.0,-2.6694107055664062
10877336,SULTANENE,65.0,-0.5274090766906738
10955174,PATCHOULOL CRYSTALS,28.5,-3.5034499168396
11030204,POMAROSE,45.0,-0.7261985540390015
11095260,ROMASCONE,35.0,-1.4629149436950684
11127402,ISOLONGIFOLENE,20.0,-1.6688896417617798
11332546,SAUVIGNONE 100,50.5,-0.3076962232589721
11332852,CIS-JASMONOLACTONE,45.0,-1.166259527206421
11367306,LILYFLORE,39.0,-1.5612106323242188
11658397,CASSYRANE,45.0,-0.8063749074935913
11735763,THESARON,60.0,-1.2729756832122805
12082921,FIRASCONE (FIRMENICH),50.0,-1.2384366989135742
12410118,GLOBALIDE,50.0,-3.262803316116333
12635160,(-)-MYRTENYL ACETATE,29.0,-1.6318005323410034
14434313,CORANOL,54.0,-1.315140724182129
15031854,PARMANYL,56.0,0.4190005660057068
15219341,KOHINOOL (IFF),31.0,-1.9099239110946653
15405344,SPIROGALBANONE,53.0,-2.3560709953308105
15461361,CIS 3 HEXENYL TIGLATE,44.0,-1.5549063682556152
15984303,POLYSANTOL,47.0,-2.2402915954589844
16058296,SOLANONE,34.0,-2.1233630180358887
16063533,FIRSANTOL,21.0,-2.257988929748535
16063567,HELVETOLIDE,52.0,-4.056437015533447
16063805,SCLAREOLATE,40.0,-1.2908236980438232
16070752,KARANAL,65.0,-2.809873580932617
16220109,CIS-3-HEXENYL ANGELATE,31.0,-1.4734339714050293
16220110,(Z)-3-HEXEN-1-YL (E)-CROTONATE,42.0,-1.1273844242095947
16220111,VERTOFIX COEUR,31.0,-4.022282123565674
18955245,BORNAFIX,29.0,-2.103678941726685
18974564,MARINE HEXANE OZOFLEUR,34.0,-1.5047935247421265
19872333,"4,5-dihydro-2,5-dimethyl-4-oxofuran-3-yl Butyrate",67.0,-2.6658289432525635
20836197,KOAVONE,50.0,-0.6503457427024841
21933618,ROMANDOLIDE,25.0,-3.2696125507354736
22096564,JAVANOL,30.0,-2.307590246200561
22336876,CENTIFOLETHER,39.0,-1.203052639961243
44152459,SPIRAMBRENE,62.0,-2.111584186553955
44152604,MONTAVERDI,64.0,-1.1109883785247805
44153588,TRICYCLODECRNYL BUTYRATE,35.0,-2.336321830749512
44182035,2-(4-methyl-5-thiazolyl)ethyl decanoate,60.0,-3.968273162841797
53422908,TRIMOFIX,45.0,-4.102673053741455
53750858,AURELIONE (SYMRISE),44.0,-3.580196619033813
57495095,PARADISAMIDE,22.0,-2.422675609588623
66823518,COSMONE,50.0,-3.124483585357666
88168807,4-methylpentyl 4-methylvalerate,42.0,-2.151064157485962
90473619,BETA CARYOPHYLLENE ACETATE,26.0,-3.8992786407470703
121232748,HERBANATE,50.0,-2.10742735862732
