CID,Name,rdkit_MolWt,rdkit_MolLogP,rdkit_TPSA,rdkit_NumHDonors,rdkit_NumHAcceptors,rdkit_NumRotatableBonds,rdkit_RingCount,rdkit_NumAromaticRings,rdkit_FractionCSP3,rdkit_HeavyAtomCount,has_aldehyde,has_alpha_beta_unsat_aldehyde,has_ketone,has_ester,has_alcohol,has_phenol,has_carboxylic_acid,has_sulfur,has_nitrogen,has_aromatic_ring
179,acetoin ,88.106,-0.043800000000000006,37.3,1.0,2.0,1.0,0.0,0.0,0.75,6.0,0.0,0.0,1.0,0.0,1.0,0.0,0.0,0.0,0.0,0.0
240,benzaldehyde ,106.12399999999997,1.4990999999999999,17.07,0.0,1.0,1.0,1.0,1.0,0.0,8.0,1.0,0.0,0.0,0.0,0.0,0.0,0.0,0.0,0.0,1.0
244,benzyl alcohol ,108.13999999999997,1.1788999999999998,20.23,1.0,1.0,1.0,1.0,1.0,0.14285714285714285,8.0,0.0,0.0,0.0,0.0,1.0,0.0,0.0,0.0,0.0,1.0
323,coumarin ,146.14499999999995,1.7929999999999997,30.21,0.0,2.0,0.0,2.0,2.0,0.0,11.0,0.0,0.0,0.0,0.0,0.0,0.0,0.0,0.0,0.0,1.0
326,cumin aldehyde ,148.20499999999996,2.6225000000000014,17.07,0.0,1.0,2.0,1.0,1.0,0.3,11.0,1.0,0.0,0.0,0.0,0.0,0.0,0.0,0.0,0.0,1.0
454,octanal ,128.215,2.5458000000000007,17.07,0.0,1.0,6.0,0.0,0.0,0.875,9.0,1.0,0.0,0.0,0.0,0.0,0.0,0.0,0.0,0.0,0.0
798,indole ,117.15099999999997,2.1678999999999995,15.79,1.0,0.0,0.0,2.0,2.0,0.0,9.0,0.0,0.0,0.0,0.0,0.0,0.0,0.0,0.0,1.0,1.0
957,octanol ,130.23100000000002,2.3392000000000013,20.23,1.0,1.0,6.0,0.0,0.0,1.0,9.0,0.0,0.0,0.0,0.0,1.0,0.0,0.0,0.0,0.0,0.0
1183,vanillin ,152.14899999999997,1.2133,46.53,1.0,3.0,2.0,1.0,1.0,0.125,11.0,1.0,0.0,0.0,0.0,1.0,1.0,0.0,0.0,0.0,1.0
2345,benzyl benzoate ,212.248,3.0436000000000014,26.3,0.0,2.0,3.0,2.0,2.0,0.07142857142857142,16.0,0.0,0.0,0.0,1.0,0.0,0.0,0.0,0.0,0.0,1.0
2758,"1,8-cineol ",154.25300000000001,2.7441000000000013,9.23,0.0,1.0,0.0,3.0,0.0,1.0,11.0,0.0,0.0,0.0,0.0,0.0,0.0,0.0,0.0,0.0,0.0
2879,p-cresol ,108.13999999999999,1.7006199999999996,20.23,1.0,1.0,0.0,1.0,1.0,0.14285714285714285,8.0,0.0,0.0,0.0,0.0,1.0,1.0,0.0,0.0,0.0,1.0
3314,eugenol ,164.20399999999998,2.1293,29.46,1.0,2.0,3.0,1.0,1.0,0.2,12.0,0.0,0.0,0.0,0.0,1.0,1.0,0.0,0.0,0.0,1.0
4133,methyl salicylate ,152.14899999999997,1.1787999999999998,46.53,1.0,3.0,1.0,1.0,1.0,0.125,11.0,0.0,0.0,0.0,1.0,1.0,1.0,0.0,0.0,0.0,1.0
6054,phenylethyl alcohol ,122.16699999999997,1.2213999999999998,20.23,1.0,1.0,2.0,1.0,1.0,0.25,9.0,0.0,0.0,0.0,0.0,1.0,0.0,0.0,0.0,0.0,1.0
6184,hexanal ,100.16099999999999,1.7656,17.07,0.0,1.0,4.0,0.0,0.0,0.8333333333333334,7.0,1.0,0.0,0.0,0.0,0.0,0.0,0.0,0.0,0.0,0.0
6501,aldehyde c-16 strawberry ,206.24099999999999,1.8637,38.83,0.0,3.0,3.0,2.0,1.0,0.4166666666666667,15.0,0.0,0.0,0.0,1.0,0.0,0.0,0.0,0.0,0.0,1.0
6532,linalyl isobutyrate ,224.34399999999994,3.876700000000003,26.3,0.0,2.0,6.0,0.0,0.0,0.6428571428571429,16.0,0.0,0.0,0.0,1.0,0.0,0.0,0.0,0.0,0.0,0.0
6548,tetrahydrolinalool ,158.285,2.9737000000000022,20.23,1.0,1.0,5.0,0.0,0.0,1.0,11.0,0.0,0.0,0.0,0.0,1.0,0.0,0.0,0.0,0.0,0.0
6549,linalool ,154.25300000000001,2.6698000000000013,20.23,1.0,1.0,4.0,0.0,0.0,0.6,11.0,0.0,0.0,0.0,0.0,1.0,0.0,0.0,0.0,0.0,0.0
6616,camphene,136.238,2.9987000000000013,0.0,0.0,0.0,0.0,2.0,0.0,0.8,10.0,0.0,0.0,0.0,0.0,0.0,0.0,0.0,0.0,0.0,0.0
6631,menthanyl acetate ,198.30599999999998,3.1544000000000016,26.3,0.0,2.0,2.0,1.0,0.0,0.9166666666666666,14.0,0.0,0.0,0.0,1.0,0.0,0.0,0.0,0.0,0.0,0.0
6660,cyclotene ,112.12799999999999,1.1813,37.3,1.0,2.0,0.0,1.0,0.0,0.5,8.0,0.0,0.0,1.0,0.0,1.0,0.0,0.0,0.0,0.0,0.0
6736,skatole ,131.17799999999997,2.4763200000000003,15.79,1.0,0.0,0.0,2.0,2.0,0.1111111111111111,10.0,0.0,0.0,0.0,0.0,0.0,0.0,0.0,0.0,1.0,1.0
6874,isoamyl salicylate ,208.257,2.5951000000000017,46.53,1.0,3.0,4.0,1.0,1.0,0.4166666666666667,15.0,0.0,0.0,0.0,1.0,1.0,1.0,0.0,0.0,0.0,1.0
6986,isomenthone ,154.253,2.6477000000000013,17.07,0.0,1.0,1.0,1.0,0.0,0.9,11.0,0.0,0.0,1.0,0.0,0.0,0.0,0.0,0.0,0.0,0.0
7007,rosephenone,267.539,3.6610000000000023,26.3,0.0,2.0,2.0,1.0,1.0,0.3,15.0,0.0,0.0,0.0,1.0,0.0,0.0,0.0,0.0,0.0,1.0
7119,nerolin yara yara ,158.2,2.8484000000000007,9.23,0.0,1.0,1.0,2.0,2.0,0.09090909090909091,12.0,0.0,0.0,0.0,0.0,0.0,0.0,0.0,0.0,0.0,1.0
7122,methyl beta-naphthyl ketone ,170.21099999999998,3.0424000000000015,17.07,0.0,1.0,1.0,2.0,2.0,0.08333333333333333,13.0,0.0,0.0,1.0,0.0,0.0,0.0,0.0,0.0,0.0,1.0
7129,nerolin bromelia ,172.22699999999998,3.238500000000002,9.23,0.0,1.0,2.0,2.0,2.0,0.16666666666666666,13.0,0.0,0.0,0.0,0.0,0.0,0.0,0.0,0.0,0.0,1.0
7136,acetyl eugenol ,206.24099999999996,2.349,35.53,0.0,3.0,4.0,1.0,1.0,0.25,15.0,0.0,0.0,0.0,1.0,0.0,0.0,0.0,0.0,0.0,1.0
7137,acetyl isoeugenol ,206.24099999999996,2.653600000000001,35.53,0.0,3.0,3.0,1.0,1.0,0.25,15.0,0.0,0.0,0.0,1.0,0.0,0.0,0.0,0.0,0.0,1.0
7150,methyl benzoate ,136.14999999999998,1.4732,26.3,0.0,2.0,1.0,1.0,1.0,0.125,10.0,0.0,0.0,0.0,1.0,0.0,0.0,0.0,0.0,0.0,1.0
7165,ethyl benzoate ,150.177,1.8633,26.3,0.0,2.0,2.0,1.0,1.0,0.2222222222222222,11.0,0.0,0.0,0.0,1.0,0.0,0.0,0.0,0.0,0.0,1.0
7342,ethyl isobutyrate ,116.15999999999998,1.2055,26.3,0.0,2.0,2.0,0.0,0.0,0.8333333333333334,8.0,0.0,0.0,0.0,1.0,0.0,0.0,0.0,0.0,0.0,0.0
7391,p-tert-butylcyclohexanol ,156.26899999999998,2.583600000000001,20.23,1.0,1.0,0.0,1.0,0.0,1.0,11.0,0.0,0.0,0.0,0.0,1.0,0.0,0.0,0.0,0.0,0.0
7410,acetophenone ,120.15099999999995,1.8892,17.07,0.0,1.0,1.0,1.0,1.0,0.125,9.0,0.0,0.0,1.0,0.0,0.0,0.0,0.0,0.0,0.0,1.0
7459,p-menthane ,140.26999999999998,3.468700000000003,0.0,0.0,0.0,1.0,1.0,0.0,1.0,10.0,0.0,0.0,0.0,0.0,0.0,0.0,0.0,0.0,0.0,0.0
7461,gamma-terpinene ,136.238,3.308900000000002,0.0,0.0,0.0,1.0,1.0,0.0,0.6,10.0,0.0,0.0,0.0,0.0,0.0,0.0,0.0,0.0,0.0,0.0
7462,alpha-terpinene ,136.238,3.308900000000002,0.0,0.0,0.0,1.0,1.0,0.0,0.6,10.0,0.0,0.0,0.0,0.0,0.0,0.0,0.0,0.0,0.0,0.0
7463,p-cymene ,134.22199999999998,3.118420000000002,0.0,0.0,0.0,1.0,1.0,1.0,0.4,10.0,0.0,0.0,0.0,0.0,0.0,0.0,0.0,0.0,0.0,1.0
7531,dimethyl benzyl carbinol ,150.22099999999998,2.0000000000000004,20.23,1.0,1.0,2.0,1.0,1.0,0.4,11.0,0.0,0.0,0.0,0.0,1.0,0.0,0.0,0.0,0.0,1.0
7583,diphenyl oxide ,170.21099999999998,3.478900000000001,9.23,0.0,1.0,2.0,2.0,2.0,0.0,13.0,0.0,0.0,0.0,0.0,0.0,0.0,0.0,0.0,0.0,1.0
7632,dimethyl phenyl ethyl carbinol ,164.248,2.390100000000001,20.23,1.0,1.0,3.0,1.0,1.0,0.45454545454545453,12.0,0.0,0.0,0.0,0.0,1.0,0.0,0.0,0.0,0.0,1.0
7646,benzyl isobutyrate ,178.231,2.3858000000000006,26.3,0.0,2.0,3.0,1.0,1.0,0.36363636363636365,13.0,0.0,0.0,0.0,1.0,0.0,0.0,0.0,0.0,0.0,1.0
7650,benzyl n-butyrate,178.231,2.5299000000000005,26.3,0.0,2.0,4.0,1.0,1.0,0.36363636363636365,13.0,0.0,0.0,0.0,1.0,0.0,0.0,0.0,0.0,0.0,1.0
7654,phenylethyl acetate ,164.204,1.7922,26.3,0.0,2.0,3.0,1.0,1.0,0.3,12.0,0.0,0.0,0.0,1.0,0.0,0.0,0.0,0.0,0.0,1.0
7655,phenylethyl isobutyrate ,192.258,2.4283,26.3,0.0,2.0,4.0,1.0,1.0,0.4166666666666667,14.0,0.0,0.0,0.0,1.0,0.0,0.0,0.0,0.0,0.0,1.0
7695,anisyl acetate ,180.203,1.7583,35.53,0.0,3.0,3.0,1.0,1.0,0.3,13.0,0.0,0.0,0.0,1.0,0.0,0.0,0.0,0.0,0.0,1.0
7704,gamma-octanoic lactone ,142.19799999999998,1.8822,26.3,0.0,2.0,3.0,1.0,0.0,0.875,10.0,0.0,0.0,0.0,1.0,0.0,0.0,0.0,0.0,0.0,0.0
7708,benzyl formate ,136.14999999999998,1.3596,26.3,0.0,2.0,3.0,1.0,1.0,0.125,10.0,0.0,0.0,0.0,1.0,0.0,0.0,0.0,0.0,0.0,1.0
7710,gamma-nonalactone ,156.225,2.2723000000000004,26.3,0.0,2.0,4.0,1.0,0.0,0.8888888888888888,11.0,0.0,0.0,0.0,1.0,0.0,0.0,0.0,0.0,0.0,0.0
7714,gamma-undecalactone ,184.27899999999997,3.052500000000002,26.3,0.0,2.0,6.0,1.0,0.0,0.9090909090909091,13.0,0.0,0.0,0.0,1.0,0.0,0.0,0.0,0.0,0.0,0.0
7725,p-tolyl aldehyde ,120.15099999999998,1.80752,17.07,0.0,1.0,1.0,1.0,1.0,0.125,9.0,1.0,0.0,0.0,0.0,0.0,0.0,0.0,0.0,0.0,1.0
7731,p-cresyl methyl ether ,122.16699999999999,2.0036199999999997,9.23,0.0,1.0,1.0,1.0,1.0,0.25,9.0,0.0,0.0,0.0,0.0,0.0,0.0,0.0,0.0,0.0,1.0
7738,anis alcohol,138.166,1.1874999999999998,29.46,1.0,2.0,2.0,1.0,1.0,0.25,10.0,0.0,0.0,0.0,0.0,1.0,0.0,0.0,0.0,0.0,1.0
7749,ethyl propionate ,102.133,0.9595,26.3,0.0,2.0,2.0,0.0,0.0,0.8,7.0,0.0,0.0,0.0,1.0,0.0,0.0,0.0,0.0,0.0,0.0
7762,ethyl butyrate ,116.15999999999998,1.3496000000000001,26.3,0.0,2.0,3.0,0.0,0.0,0.8333333333333334,8.0,0.0,0.0,0.0,1.0,0.0,0.0,0.0,0.0,0.0,0.0
7770,propyl butyrate ,130.18699999999998,1.7397,26.3,0.0,2.0,4.0,0.0,0.0,0.8571428571428571,9.0,0.0,0.0,0.0,1.0,0.0,0.0,0.0,0.0,0.0,0.0
7778,citronellyl formate ,184.27899999999997,2.9320000000000013,26.3,0.0,2.0,7.0,0.0,0.0,0.7272727272727273,13.0,0.0,0.0,0.0,1.0,0.0,0.0,0.0,0.0,0.0,0.0
7792,tetrahydrogeraniol ,158.285,2.831200000000002,20.23,1.0,1.0,6.0,0.0,0.0,1.0,11.0,0.0,0.0,0.0,0.0,1.0,0.0,0.0,0.0,0.0,0.0
7794,citronellal ,154.253,2.9579000000000013,17.07,0.0,1.0,5.0,0.0,0.0,0.7,11.0,1.0,0.0,0.0,0.0,0.0,0.0,0.0,0.0,0.0,0.0
7797,ethyl heptanoate ,158.24099999999999,2.5199000000000007,26.3,0.0,2.0,6.0,0.0,0.0,0.8888888888888888,11.0,0.0,0.0,0.0,1.0,0.0,0.0,0.0,0.0,0.0,0.0
7799,ethyl octanoate,172.26799999999997,2.910000000000001,26.3,0.0,2.0,7.0,0.0,0.0,0.9,12.0,0.0,0.0,0.0,1.0,0.0,0.0,0.0,0.0,0.0,0.0
7803,propyl propionate ,116.15999999999998,1.3496000000000001,26.3,0.0,2.0,3.0,0.0,0.0,0.8333333333333334,8.0,0.0,0.0,0.0,1.0,0.0,0.0,0.0,0.0,0.0,0.0
7888,hydroxy citronellal ,172.268,2.1527000000000003,37.3,1.0,2.0,6.0,0.0,0.0,0.9,12.0,1.0,0.0,0.0,0.0,1.0,0.0,0.0,0.0,0.0,0.0
7921,gamma-valerolactone ,100.11699999999999,0.7119,26.3,0.0,2.0,0.0,1.0,0.0,0.8,7.0,0.0,0.0,0.0,1.0,0.0,0.0,0.0,0.0,0.0,0.0
7943,diethyl malonate ,132.115,-0.2775000000000001,52.60000000000001,0.0,4.0,2.0,0.0,0.0,0.6,9.0,0.0,0.0,0.0,1.0,0.0,0.0,0.0,0.0,0.0,0.0
7945,ethyl isovalerate ,130.18699999999998,1.5956000000000001,26.3,0.0,2.0,3.0,0.0,0.0,0.8571428571428571,9.0,0.0,0.0,0.0,1.0,0.0,0.0,0.0,0.0,0.0,0.0
7983,butyl butyrate ,144.21399999999997,2.1298000000000004,26.3,0.0,2.0,5.0,0.0,0.0,0.875,10.0,0.0,0.0,0.0,1.0,0.0,0.0,0.0,0.0,0.0,0.0
8038,isobutyl acetate ,116.15999999999998,1.2055,26.3,0.0,2.0,2.0,0.0,0.0,0.8333333333333334,8.0,0.0,0.0,0.0,1.0,0.0,0.0,0.0,0.0,0.0,0.0
8048,ethyl decanoate ,200.32199999999997,3.6902000000000026,26.3,0.0,2.0,9.0,0.0,0.0,0.9166666666666666,14.0,0.0,0.0,0.0,1.0,0.0,0.0,0.0,0.0,0.0,0.0
8103,hexanol ,102.17699999999999,1.559,20.23,1.0,1.0,4.0,0.0,0.0,1.0,7.0,0.0,0.0,0.0,0.0,1.0,0.0,0.0,0.0,0.0,0.0
8129,heptanol ,116.204,1.9491,20.23,1.0,1.0,5.0,0.0,0.0,1.0,8.0,0.0,0.0,0.0,0.0,1.0,0.0,0.0,0.0,0.0,0.0
8130,heptanal ,114.18799999999999,2.1557000000000004,17.07,0.0,1.0,5.0,0.0,0.0,0.8571428571428571,8.0,1.0,0.0,0.0,0.0,0.0,0.0,0.0,0.0,0.0,0.0
8137,methyl octine carbonate ,168.236,2.1332000000000004,26.3,0.0,2.0,4.0,0.0,0.0,0.7,12.0,0.0,0.0,0.0,1.0,0.0,0.0,0.0,0.0,0.0,0.0
8163,methyl nonyl ketone ,170.296,3.7161000000000026,17.07,0.0,1.0,8.0,0.0,0.0,0.9090909090909091,12.0,0.0,0.0,1.0,0.0,0.0,0.0,0.0,0.0,0.0,0.0
8164,octyl acetate ,172.268,2.910000000000002,26.3,0.0,2.0,7.0,0.0,0.0,0.9,12.0,0.0,0.0,0.0,1.0,0.0,0.0,0.0,0.0,0.0,0.0
8174,decanol ,158.285,3.119400000000002,20.23,1.0,1.0,8.0,0.0,0.0,1.0,11.0,0.0,0.0,0.0,0.0,1.0,0.0,0.0,0.0,0.0,0.0
8175,decanal ,156.269,3.3260000000000023,17.07,0.0,1.0,8.0,0.0,0.0,0.9,11.0,1.0,0.0,0.0,0.0,0.0,0.0,0.0,0.0,0.0,0.0
8186,undecanal ,170.296,3.7161000000000026,17.07,0.0,1.0,9.0,0.0,0.0,0.9090909090909091,12.0,1.0,0.0,0.0,0.0,0.0,0.0,0.0,0.0,0.0,0.0
8187,10-undecenal ,168.28,3.4921000000000024,17.07,0.0,1.0,9.0,0.0,0.0,0.7272727272727273,12.0,1.0,0.0,0.0,0.0,0.0,0.0,0.0,0.0,0.0,0.0
8193,lauryl alcohol ,186.33899999999997,3.8996000000000035,20.23,1.0,1.0,10.0,0.0,0.0,1.0,13.0,0.0,0.0,0.0,0.0,1.0,0.0,0.0,0.0,0.0,0.0
8194,dodecanal ,184.32299999999998,4.106200000000003,17.07,0.0,1.0,10.0,0.0,0.0,0.9166666666666666,13.0,1.0,0.0,0.0,0.0,0.0,0.0,0.0,0.0,0.0,0.0
8294,linalyl acetate ,196.29,3.2406000000000024,26.3,0.0,2.0,5.0,0.0,0.0,0.5833333333333334,14.0,0.0,0.0,0.0,1.0,0.0,0.0,0.0,0.0,0.0,0.0
8363,benzyl salicylate,228.24699999999999,2.7492000000000014,46.53,1.0,3.0,3.0,2.0,2.0,0.07142857142857142,17.0,0.0,0.0,0.0,1.0,1.0,1.0,0.0,0.0,0.0,1.0
8365,ethyl salicylate,166.176,1.5688999999999997,46.53,1.0,3.0,2.0,1.0,1.0,0.2222222222222222,12.0,0.0,0.0,0.0,1.0,1.0,1.0,0.0,0.0,0.0,1.0
8369,maltol,126.11099999999996,0.6538199999999998,50.44,1.0,3.0,0.0,1.0,1.0,0.16666666666666666,9.0,0.0,0.0,0.0,0.0,1.0,1.0,0.0,0.0,0.0,1.0
8432,styrallyl propionate ,178.231,2.700800000000001,26.3,0.0,2.0,3.0,1.0,1.0,0.36363636363636365,13.0,0.0,0.0,0.0,1.0,0.0,0.0,0.0,0.0,0.0,1.0
8438,heliotropine ,150.13299999999998,1.2278,35.53,0.0,3.0,1.0,2.0,1.0,0.125,11.0,1.0,0.0,0.0,0.0,0.0,0.0,0.0,0.0,0.0,1.0
8467,ethyl vanillin ,166.176,1.6034,46.53,1.0,3.0,3.0,1.0,1.0,0.2222222222222222,12.0,1.0,0.0,0.0,0.0,1.0,1.0,0.0,0.0,0.0,1.0
8469,ethyl phenyl glycidate ,192.214,1.6895999999999998,38.83,0.0,3.0,3.0,2.0,1.0,0.36363636363636365,14.0,0.0,0.0,0.0,1.0,0.0,0.0,0.0,0.0,0.0,1.0
8499,methyl anisate ,166.17599999999996,1.4818,35.53,0.0,3.0,2.0,1.0,1.0,0.2222222222222222,12.0,0.0,0.0,0.0,1.0,0.0,0.0,0.0,0.0,0.0,1.0
8635,methyl anthranilate ,151.16499999999996,1.0554,52.32,1.0,3.0,1.0,1.0,1.0,0.125,11.0,0.0,0.0,0.0,1.0,0.0,0.0,0.0,0.0,1.0,1.0
8785,benzyl acetate ,150.177,1.7496999999999998,26.3,0.0,2.0,2.0,1.0,1.0,0.2222222222222222,11.0,0.0,0.0,0.0,1.0,0.0,0.0,0.0,0.0,0.0,1.0
8797,p-cresyl acetate ,150.177,1.9203199999999996,26.3,0.0,2.0,1.0,1.0,1.0,0.2222222222222222,11.0,0.0,0.0,0.0,1.0,0.0,0.0,0.0,0.0,0.0,1.0
8821,"2,6-nonadienal ",138.20999999999998,2.4879000000000007,17.07,0.0,1.0,5.0,0.0,0.0,0.4444444444444444,10.0,1.0,1.0,0.0,0.0,0.0,0.0,0.0,0.0,0.0,0.0
8842,citronellol ,156.26899999999998,2.751300000000001,20.23,1.0,1.0,5.0,0.0,0.0,0.8,11.0,0.0,0.0,0.0,0.0,1.0,0.0,0.0,0.0,0.0,0.0
8857,ethyl acetate ,88.106,0.5694,26.3,0.0,2.0,1.0,0.0,0.0,0.75,6.0,0.0,0.0,0.0,1.0,0.0,0.0,0.0,0.0,0.0,0.0
8868,ethyl acetoacetate ,130.14299999999997,0.5286000000000001,43.370000000000005,0.0,3.0,3.0,0.0,0.0,0.6666666666666666,9.0,0.0,0.0,1.0,1.0,0.0,0.0,0.0,0.0,0.0,0.0
8878,allyl heptanoate ,170.25199999999998,2.686000000000001,26.3,0.0,2.0,7.0,0.0,0.0,0.7,12.0,0.0,0.0,0.0,1.0,0.0,0.0,0.0,0.0,0.0,0.0
8908,hexyl acetate ,144.214,2.1298000000000004,26.3,0.0,2.0,5.0,0.0,0.0,0.875,10.0,0.0,0.0,0.0,1.0,0.0,0.0,0.0,0.0,0.0,0.0
8914,nonanol ,144.258,2.7293000000000016,20.23,1.0,1.0,7.0,0.0,0.0,1.0,10.0,0.0,0.0,0.0,0.0,1.0,0.0,0.0,0.0,0.0,0.0
9017,citronellyl acetate ,198.30599999999995,3.3221000000000016,26.3,0.0,2.0,6.0,0.0,0.0,0.75,14.0,0.0,0.0,0.0,1.0,0.0,0.0,0.0,0.0,0.0,0.0
9024,dimethy benzyl carbinyl acetate ,192.25800000000004,2.570800000000001,26.3,0.0,2.0,3.0,1.0,1.0,0.4166666666666667,14.0,0.0,0.0,0.0,1.0,0.0,0.0,0.0,0.0,0.0,1.0
10353,dihydro terpineol ,156.269,2.583600000000001,20.23,1.0,1.0,1.0,1.0,0.0,1.0,11.0,0.0,0.0,0.0,0.0,1.0,0.0,0.0,0.0,0.0,0.0
10795,acetaldehyde dimethyl acetal ,90.12199999999999,0.6252,18.46,0.0,2.0,2.0,0.0,0.0,1.0,6.0,0.0,0.0,0.0,0.0,0.0,0.0,0.0,0.0,0.0,0.0
10947,muscone ,238.41499999999994,5.276500000000005,17.07,0.0,1.0,0.0,1.0,0.0,0.9375,17.0,0.0,0.0,1.0,0.0,0.0,0.0,0.0,0.0,0.0,0.0
11463,terpinolene ,136.238,3.453000000000002,0.0,0.0,0.0,0.0,1.0,0.0,0.6,10.0,0.0,0.0,0.0,0.0,0.0,0.0,0.0,0.0,0.0,0.0
12180,methyl butyrate ,102.13299999999998,0.9595,26.3,0.0,2.0,2.0,0.0,0.0,0.8,7.0,0.0,0.0,0.0,1.0,0.0,0.0,0.0,0.0,0.0,0.0
12756,gamma-hexalactone ,114.14399999999999,1.1019999999999999,26.3,0.0,2.0,1.0,1.0,0.0,0.8333333333333334,8.0,0.0,0.0,0.0,1.0,0.0,0.0,0.0,0.0,0.0,0.0
12810,delta-decalactone ,170.25199999999998,2.6624000000000008,26.3,0.0,2.0,4.0,1.0,0.0,0.9,12.0,0.0,0.0,0.0,1.0,0.0,0.0,0.0,0.0,0.0,0.0
12813,gamma-decalactone ,170.25199999999998,2.6624000000000008,26.3,0.0,2.0,5.0,1.0,0.0,0.9,12.0,0.0,0.0,0.0,1.0,0.0,0.0,0.0,0.0,0.0,0.0
12844,delta-dodecalactone ,198.30599999999995,3.4426000000000023,26.3,0.0,2.0,6.0,1.0,0.0,0.9166666666666666,14.0,0.0,0.0,0.0,1.0,0.0,0.0,0.0,0.0,0.0,0.0
14235,myrcenyl acetate ,196.28999999999996,3.2406000000000024,26.3,0.0,2.0,6.0,0.0,0.0,0.5833333333333334,14.0,0.0,0.0,0.0,1.0,0.0,0.0,0.0,0.0,0.0,0.0
14489,prenyl acetate ,128.171,1.5157,26.3,0.0,2.0,2.0,0.0,0.0,0.5714285714285714,9.0,0.0,0.0,0.0,1.0,0.0,0.0,0.0,0.0,0.0,0.0
14896,beta-pinene ,136.238,2.9987000000000013,0.0,0.0,0.0,0.0,3.0,0.0,0.8,10.0,0.0,0.0,0.0,0.0,0.0,0.0,0.0,0.0,0.0,0.0
15406,fenchyl alcohol ,154.253,2.1935000000000002,20.23,1.0,1.0,0.0,2.0,0.0,1.0,11.0,0.0,0.0,0.0,0.0,1.0,0.0,0.0,0.0,0.0,0.0
16299,amyl salicylate ,208.257,2.7392000000000016,46.53,1.0,3.0,5.0,1.0,1.0,0.4166666666666667,15.0,0.0,0.0,0.0,1.0,1.0,1.0,0.0,0.0,0.0,1.0
16441,perillaldehyde ,150.221,2.4879000000000007,17.07,0.0,1.0,2.0,1.0,0.0,0.5,11.0,1.0,1.0,0.0,0.0,0.0,0.0,0.0,0.0,0.0,0.0
16666,l-menthol ,156.26899999999998,2.4395000000000007,20.23,1.0,1.0,1.0,1.0,0.0,1.0,11.0,0.0,0.0,0.0,0.0,1.0,0.0,0.0,0.0,0.0,0.0
16821,gamma-dodecalactone ,198.30599999999995,3.4426000000000023,26.3,0.0,2.0,7.0,1.0,0.0,0.9166666666666666,14.0,0.0,0.0,0.0,1.0,0.0,0.0,0.0,0.0,0.0,0.0
17100,alpha-terpineol ,154.25300000000001,2.5037000000000007,20.23,1.0,1.0,1.0,1.0,0.0,0.8,11.0,0.0,0.0,0.0,0.0,1.0,0.0,0.0,0.0,0.0,0.0
17121,1-octen-3-yl acetate ,170.25199999999998,2.684400000000001,26.3,0.0,2.0,6.0,0.0,0.0,0.7,12.0,0.0,0.0,0.0,1.0,0.0,0.0,0.0,0.0,0.0,0.0
17525,hexyl butyrate ,172.26799999999997,2.910000000000001,26.3,0.0,2.0,7.0,0.0,0.0,0.9,12.0,0.0,0.0,0.0,1.0,0.0,0.0,0.0,0.0,0.0,0.0
17617,allyl cyclohexane propionate ,196.28999999999994,3.076100000000002,26.3,0.0,2.0,5.0,1.0,0.0,0.75,14.0,0.0,0.0,0.0,1.0,0.0,0.0,0.0,0.0,0.0,0.0
17739,dihydro eugenol ,166.21999999999997,2.353300000000001,29.46,1.0,2.0,3.0,1.0,1.0,0.4,12.0,0.0,0.0,0.0,0.0,1.0,1.0,0.0,0.0,0.0,1.0
18698,delta-nonalactone ,156.225,2.2723000000000004,26.3,0.0,2.0,3.0,1.0,0.0,0.8888888888888888,11.0,0.0,0.0,0.0,1.0,0.0,0.0,0.0,0.0,0.0,0.0
18756,ocimene ,136.238,3.4750000000000023,0.0,0.0,0.0,3.0,0.0,0.0,0.4,10.0,0.0,0.0,0.0,0.0,0.0,0.0,0.0,0.0,0.0,0.0
18827,1-octen-3-ol ,128.21499999999997,2.1136000000000004,20.23,1.0,1.0,5.0,0.0,0.0,0.75,9.0,0.0,0.0,0.0,0.0,1.0,0.0,0.0,0.0,0.0,0.0
18938,"3,5,5-trimethyl-1-hexanol ",144.25799999999998,2.4411000000000005,20.23,1.0,1.0,3.0,0.0,0.0,1.0,10.0,0.0,0.0,0.0,0.0,1.0,0.0,0.0,0.0,0.0,0.0
19089,phenyl ethyl methyl ether,136.194,1.8755,9.23,0.0,1.0,3.0,1.0,1.0,0.3333333333333333,10.0,0.0,0.0,0.0,0.0,0.0,0.0,0.0,0.0,0.0,1.0
20487,octahydrocoumarin ,154.209,1.8822,26.3,0.0,2.0,0.0,2.0,0.0,0.8888888888888888,11.0,0.0,0.0,0.0,1.0,0.0,0.0,0.0,0.0,0.0,0.0
20739,folrosia,142.24200000000002,2.1935000000000007,20.23,1.0,1.0,1.0,1.0,0.0,1.0,10.0,0.0,0.0,0.0,0.0,1.0,0.0,0.0,0.0,0.0,0.0
21059,ethyl maltol,140.13799999999998,0.9077999999999999,50.44,1.0,3.0,1.0,1.0,1.0,0.2857142857142857,10.0,0.0,0.0,0.0,0.0,1.0,1.0,0.0,0.0,0.0,1.0
21648,raspberry ketone ,164.204,1.9137999999999997,37.3,1.0,2.0,3.0,1.0,1.0,0.3,12.0,0.0,0.0,1.0,0.0,1.0,1.0,0.0,0.0,0.0,1.0
21895,"2-(phenylmethyl)-1,3-dioxan-5-ol ",194.23,0.9629000000000001,38.69,1.0,3.0,3.0,2.0,1.0,0.45454545454545453,14.0,0.0,0.0,0.0,0.0,1.0,0.0,0.0,0.0,0.0,1.0
22310,linalool oxide ,170.25199999999998,1.881,29.46,1.0,2.0,2.0,1.0,0.0,0.8,12.0,0.0,0.0,0.0,0.0,1.0,0.0,0.0,0.0,0.0,0.0
22311,limonene,136.238,3.308900000000002,0.0,0.0,0.0,1.0,1.0,0.0,0.6,10.0,0.0,0.0,0.0,0.0,0.0,0.0,0.0,0.0,0.0,0.0
22629,hexyl salicylate ,222.28400000000002,3.129300000000002,46.53,1.0,3.0,6.0,1.0,1.0,0.46153846153846156,16.0,0.0,0.0,0.0,1.0,1.0,1.0,0.0,0.0,0.0,1.0
24020,ethyl 2-methyl butyrate ,130.18699999999998,1.5956000000000001,26.3,0.0,2.0,3.0,0.0,0.0,0.8571428571428571,9.0,0.0,0.0,0.0,1.0,0.0,0.0,0.0,0.0,0.0,0.0
24117,allyl phenoxyacetate ,192.21400000000003,1.7946,35.53,0.0,3.0,5.0,1.0,1.0,0.18181818181818182,14.0,0.0,0.0,0.0,1.0,0.0,0.0,0.0,0.0,0.0,1.0
24915,dimethyl benzyl carbinyl butyrate ,220.31199999999998,3.3510000000000018,26.3,0.0,2.0,5.0,1.0,1.0,0.5,16.0,0.0,0.0,0.0,1.0,0.0,0.0,0.0,0.0,0.0,1.0
25612,decenol ,156.269,2.8954000000000018,20.23,1.0,1.0,8.0,0.0,0.0,0.8,11.0,0.0,0.0,0.0,0.0,1.0,0.0,0.0,0.0,0.0,0.0
26447,l-menthone ,154.253,2.6477000000000013,17.07,0.0,1.0,1.0,1.0,0.0,0.9,11.0,0.0,0.0,1.0,0.0,0.0,0.0,0.0,0.0,0.0,0.0
26955,beta-ionone ,192.302,3.6582000000000026,17.07,0.0,1.0,2.0,1.0,0.0,0.6153846153846154,14.0,0.0,0.0,1.0,0.0,0.0,0.0,0.0,0.0,0.0,0.0
27866,rose oxide ,154.253,2.7677000000000014,9.23,0.0,1.0,1.0,1.0,0.0,0.8,11.0,0.0,0.0,0.0,0.0,0.0,0.0,0.0,0.0,0.0,0.0
29096,dihydro myrcenol ,156.269,2.7497000000000016,20.23,1.0,1.0,5.0,0.0,0.0,0.8,11.0,0.0,0.0,0.0,0.0,1.0,0.0,0.0,0.0,0.0,0.0
31209,amyl cinnamaldehyde ,202.297,3.8492000000000033,17.07,0.0,1.0,6.0,1.0,1.0,0.35714285714285715,15.0,1.0,1.0,0.0,0.0,0.0,0.0,0.0,0.0,0.0,1.0
31219,benzyl propionate ,164.204,2.1398,26.3,0.0,2.0,3.0,1.0,1.0,0.3,12.0,0.0,0.0,0.0,1.0,0.0,0.0,0.0,0.0,0.0,1.0
31225,phenylethyl propionate ,178.23100000000002,2.1822999999999997,26.3,0.0,2.0,4.0,1.0,1.0,0.36363636363636365,13.0,0.0,0.0,0.0,1.0,0.0,0.0,0.0,0.0,0.0,1.0
31234,3-phenylpropyl alcohol ,136.194,1.6115000000000002,20.23,1.0,1.0,3.0,1.0,1.0,0.3333333333333333,10.0,0.0,0.0,0.0,0.0,1.0,0.0,0.0,0.0,0.0,1.0
31244,anis aldehyde,136.14999999999998,1.5076999999999998,26.3,0.0,2.0,2.0,1.0,1.0,0.125,10.0,1.0,0.0,0.0,0.0,0.0,0.0,0.0,0.0,0.0,1.0
31251,ethyl nonanoate,186.295,3.3001000000000023,26.3,0.0,2.0,8.0,0.0,0.0,0.9090909090909091,13.0,0.0,0.0,0.0,1.0,0.0,0.0,0.0,0.0,0.0,0.0
31253,myrcene ,136.238,3.4750000000000023,0.0,0.0,0.0,4.0,0.0,0.0,0.4,10.0,0.0,0.0,0.0,0.0,0.0,0.0,0.0,0.0,0.0,0.0
31260,isoamyl alcohol ,88.14999999999999,1.0248,20.23,1.0,1.0,2.0,0.0,0.0,1.0,6.0,0.0,0.0,0.0,0.0,1.0,0.0,0.0,0.0,0.0,0.0
31265,ethyl hexanoate ,144.21399999999997,2.1298000000000004,26.3,0.0,2.0,5.0,0.0,0.0,0.875,10.0,0.0,0.0,0.0,1.0,0.0,0.0,0.0,0.0,0.0,0.0
31266,allyl hexanoate ,156.22499999999997,2.2959000000000005,26.3,0.0,2.0,6.0,0.0,0.0,0.6666666666666666,11.0,0.0,0.0,0.0,1.0,0.0,0.0,0.0,0.0,0.0,0.0
31272,butyl acetate ,116.15999999999998,1.3496000000000001,26.3,0.0,2.0,3.0,0.0,0.0,0.8333333333333334,8.0,0.0,0.0,0.0,1.0,0.0,0.0,0.0,0.0,0.0,0.0
31276,isoamyl acetate ,130.18699999999998,1.5956000000000001,26.3,0.0,2.0,3.0,0.0,0.0,0.8571428571428571,9.0,0.0,0.0,0.0,1.0,0.0,0.0,0.0,0.0,0.0,0.0
31289,nonanal ,142.242,2.935900000000001,17.07,0.0,1.0,7.0,0.0,0.0,0.8888888888888888,10.0,1.0,0.0,0.0,0.0,0.0,0.0,0.0,0.0,0.0,0.0
32052, beta-damascone,192.30199999999996,3.6582000000000026,17.07,0.0,1.0,2.0,1.0,0.0,0.6153846153846154,14.0,0.0,0.0,1.0,0.0,0.0,0.0,0.0,0.0,0.0,0.0
36081,p-tert-butylcyclohexyl acetate ,198.30599999999998,3.1544000000000016,26.3,0.0,2.0,1.0,1.0,0.0,0.9166666666666666,14.0,0.0,0.0,0.0,1.0,0.0,0.0,0.0,0.0,0.0,0.0
42745,isononyl acetate ,186.29499999999996,3.0119000000000016,26.3,0.0,2.0,4.0,0.0,0.0,0.9090909090909091,13.0,0.0,0.0,0.0,1.0,0.0,0.0,0.0,0.0,0.0,0.0
60985,citronellyl isobutyrate ,226.35999999999996,3.9582000000000033,26.3,0.0,2.0,7.0,0.0,0.0,0.7857142857142857,16.0,0.0,0.0,0.0,1.0,0.0,0.0,0.0,0.0,0.0,0.0
60995,phenylacetaldehyde dimethyl acetal ,166.21999999999997,1.8479999999999999,18.46,0.0,2.0,4.0,1.0,1.0,0.4,12.0,0.0,0.0,0.0,0.0,0.0,0.0,0.0,0.0,0.0,1.0
61005,phenoxy ethyl isobutyrate,208.257,2.2646000000000006,35.53,0.0,3.0,5.0,1.0,1.0,0.4166666666666667,15.0,0.0,0.0,0.0,1.0,0.0,0.0,0.0,0.0,0.0,1.0
61007,anisyl acetone ,178.231,2.2168,26.3,0.0,2.0,4.0,1.0,1.0,0.36363636363636365,13.0,0.0,0.0,1.0,0.0,0.0,0.0,0.0,0.0,0.0,1.0
61016,melonal ,140.22599999999997,2.567800000000001,17.07,0.0,1.0,4.0,0.0,0.0,0.6666666666666666,10.0,1.0,0.0,0.0,0.0,0.0,0.0,0.0,0.0,0.0,0.0
61031,2-methyl undecanal ,184.323,3.962100000000003,17.07,0.0,1.0,9.0,0.0,0.0,0.9166666666666666,13.0,1.0,0.0,0.0,0.0,0.0,0.0,0.0,0.0,0.0,0.0
61040,linalyl formate ,182.263,2.850500000000001,26.3,0.0,2.0,6.0,0.0,0.0,0.5454545454545454,13.0,0.0,0.0,0.0,1.0,0.0,0.0,0.0,0.0,0.0,0.0
61041,safranal ,150.22099999999998,2.4879000000000007,17.07,0.0,1.0,1.0,1.0,0.0,0.5,11.0,1.0,1.0,0.0,0.0,0.0,0.0,0.0,0.0,0.0,0.0
61204,delta-undecalactone ,184.27899999999997,3.052500000000002,26.3,0.0,2.0,5.0,1.0,0.0,0.9090909090909091,13.0,0.0,0.0,0.0,1.0,0.0,0.0,0.0,0.0,0.0,0.0
61334,furaneol ,170.164,0.7688,52.6,0.0,4.0,1.0,1.0,0.0,0.5,12.0,0.0,0.0,1.0,1.0,0.0,0.0,0.0,0.0,0.0,0.0
61585,celestolide ,244.378,4.410500000000004,17.07,0.0,1.0,1.0,2.0,1.0,0.5882352941176471,18.0,0.0,0.0,1.0,0.0,0.0,0.0,0.0,0.0,0.0,1.0
62098,heliotropyl acetone ,192.21399999999997,1.9368999999999996,35.53,0.0,3.0,3.0,2.0,1.0,0.36363636363636365,14.0,0.0,0.0,1.0,0.0,0.0,0.0,0.0,0.0,0.0,1.0
62334,o-tert-butylcyclohexyl acetate ,198.30599999999998,3.1544000000000016,26.3,0.0,2.0,1.0,1.0,0.0,0.9166666666666666,14.0,0.0,0.0,0.0,1.0,0.0,0.0,0.0,0.0,0.0,0.0
62341,styrallyl acetate ,164.20399999999995,2.3106999999999998,26.3,0.0,2.0,2.0,1.0,1.0,0.3,12.0,0.0,0.0,0.0,1.0,0.0,0.0,0.0,0.0,0.0,1.0
62378,dihydro jasmone ,166.26399999999998,3.246100000000002,17.07,0.0,1.0,4.0,1.0,0.0,0.7272727272727273,12.0,0.0,0.0,1.0,0.0,0.0,0.0,0.0,0.0,0.0,0.0
62902,manzanate ,144.21399999999997,1.9857,26.3,0.0,2.0,4.0,0.0,0.0,0.875,10.0,0.0,0.0,0.0,1.0,0.0,0.0,0.0,0.0,0.0,0.0
64685,borneol ,154.253,2.1935000000000002,20.23,1.0,1.0,0.0,2.0,0.0,1.0,11.0,0.0,0.0,0.0,0.0,1.0,0.0,0.0,0.0,0.0,0.0
64805,helional ,192.21399999999994,1.7927999999999995,35.53,0.0,3.0,3.0,2.0,1.0,0.36363636363636365,14.0,1.0,0.0,0.0,0.0,0.0,0.0,0.0,0.0,0.0,1.0
64813,canthoxal ,178.23099999999997,2.0726999999999998,26.3,0.0,2.0,4.0,1.0,1.0,0.36363636363636365,13.0,1.0,0.0,0.0,0.0,0.0,0.0,0.0,0.0,0.0,1.0
65575,cedrol ,222.37199999999999,3.609800000000003,20.23,1.0,1.0,0.0,3.0,0.0,1.0,16.0,0.0,0.0,0.0,0.0,1.0,0.0,0.0,0.0,0.0,0.0
80865,fructone,174.19599999999997,0.7025999999999999,44.760000000000005,0.0,4.0,3.0,1.0,0.0,0.875,12.0,0.0,0.0,0.0,1.0,0.0,0.0,0.0,0.0,0.0,0.0
83268,dimetol ,144.258,2.583600000000001,20.23,1.0,1.0,4.0,0.0,0.0,1.0,10.0,0.0,0.0,0.0,0.0,1.0,0.0,0.0,0.0,0.0,0.0
86579,tricyclodecenyl propionate ,206.285,2.540300000000001,26.3,0.0,2.0,2.0,3.0,0.0,0.7692307692307693,15.0,0.0,0.0,0.0,1.0,0.0,0.0,0.0,0.0,0.0,0.0
87453,indoflor ,176.215,1.9042999999999999,18.46,0.0,2.0,0.0,3.0,1.0,0.45454545454545453,13.0,0.0,0.0,0.0,0.0,0.0,0.0,0.0,0.0,0.0,1.0
89440,tonalide ,258.405,4.792620000000005,17.07,0.0,1.0,1.0,2.0,1.0,0.6111111111111112,19.0,0.0,0.0,1.0,0.0,0.0,0.0,0.0,0.0,0.0,1.0
90978,isolongifolanone ,220.35599999999997,3.818000000000003,17.07,0.0,1.0,0.0,3.0,0.0,0.9333333333333333,16.0,0.0,0.0,1.0,0.0,0.0,0.0,0.0,0.0,0.0,0.0
91497,galaxolide ,258.405,4.525200000000004,9.23,0.0,1.0,0.0,3.0,1.0,0.6666666666666666,19.0,0.0,0.0,0.0,0.0,0.0,0.0,0.0,0.0,0.0,1.0
91604,lyral,210.31699999999998,2.853000000000002,37.3,1.0,2.0,5.0,1.0,0.0,0.7692307692307693,15.0,1.0,0.0,0.0,0.0,1.0,0.0,0.0,0.0,0.0,0.0
92292,cashmerane ,206.32899999999992,3.738100000000003,17.07,0.0,1.0,0.0,2.0,0.0,0.7857142857142857,15.0,0.0,0.0,1.0,0.0,0.0,0.0,0.0,0.0,0.0,0.0
92606,dynascone ,192.30199999999996,3.6582000000000026,17.07,0.0,1.0,4.0,1.0,0.0,0.6153846153846154,14.0,0.0,0.0,1.0,0.0,0.0,0.0,0.0,0.0,0.0,0.0
93199,myrac aldehyde ,192.30199999999996,3.6582000000000026,17.07,0.0,1.0,4.0,1.0,0.0,0.6153846153846154,14.0,1.0,0.0,0.0,0.0,0.0,0.0,0.0,0.0,0.0,0.0
93375,triplal ,138.20999999999998,2.1776999999999997,17.07,0.0,1.0,1.0,1.0,0.0,0.6666666666666666,10.0,1.0,0.0,0.0,0.0,0.0,0.0,0.0,0.0,0.0,0.0
94111,boisambrene forte ,242.40299999999988,4.670300000000005,18.46,0.0,2.0,4.0,1.0,0.0,1.0,17.0,0.0,0.0,0.0,0.0,0.0,0.0,0.0,0.0,0.0,0.0
95560,pollenal ?,140.226,2.401700000000001,17.07,0.0,1.0,2.0,1.0,0.0,0.8888888888888888,10.0,1.0,0.0,0.0,0.0,0.0,0.0,0.0,0.0,0.0,0.0
101330,cyclohexyl salicylate ,220.26800000000003,2.8817000000000017,46.53,1.0,3.0,2.0,2.0,1.0,0.46153846153846156,16.0,0.0,0.0,0.0,1.0,1.0,1.0,0.0,0.0,0.0,1.0
102844,dimethyl octenone ,154.253,2.9579000000000013,17.07,0.0,1.0,4.0,0.0,0.0,0.7,11.0,0.0,0.0,1.0,0.0,0.0,0.0,0.0,0.0,0.0,0.0
102861,methyl dihydrojasmonate ,226.31599999999995,2.725100000000001,43.370000000000005,0.0,3.0,6.0,1.0,0.0,0.8461538461538461,16.0,0.0,0.0,1.0,1.0,0.0,0.0,0.0,0.0,0.0,0.0
102916,irotyl ,172.26799999999997,2.765900000000001,26.3,0.0,2.0,6.0,0.0,0.0,0.9,12.0,0.0,0.0,0.0,1.0,0.0,0.0,0.0,0.0,0.0,0.0
105512,floralozone ,190.28599999999997,3.0166000000000013,17.07,0.0,1.0,4.0,1.0,1.0,0.46153846153846156,14.0,1.0,0.0,0.0,0.0,0.0,0.0,0.0,0.0,0.0,1.0
105664,floramat ,228.33199999999994,3.764400000000003,35.53,0.0,3.0,2.0,1.0,0.0,0.9230769230769231,16.0,0.0,0.0,0.0,1.0,0.0,0.0,0.0,0.0,0.0,0.0
106714,herbavert ,170.296,3.237700000000002,9.23,0.0,1.0,2.0,1.0,0.0,1.0,12.0,0.0,0.0,0.0,0.0,0.0,0.0,0.0,0.0,0.0,0.0
106745,tricyclodecenyl isobutyrate ,220.31199999999998,2.7863000000000016,26.3,0.0,2.0,2.0,3.0,0.0,0.7857142857142857,16.0,0.0,0.0,0.0,1.0,0.0,0.0,0.0,0.0,0.0,0.0
106748,floralate ,182.26299999999998,2.541900000000001,26.3,0.0,2.0,2.0,1.0,0.0,0.7272727272727273,13.0,0.0,0.0,0.0,1.0,0.0,0.0,0.0,0.0,0.0,0.0
106866,bark carbaldehyde ,192.302,3.059800000000002,17.07,0.0,1.0,2.0,3.0,0.0,0.7692307692307693,14.0,1.0,0.0,0.0,0.0,0.0,0.0,0.0,0.0,0.0,0.0
107166,ambrotech ,236.39899999999997,4.408000000000004,9.23,0.0,1.0,0.0,3.0,0.0,1.0,17.0,0.0,0.0,0.0,0.0,0.0,0.0,0.0,0.0,0.0,0.0
107381,floropal,206.285,3.0732000000000017,18.46,0.0,2.0,1.0,2.0,1.0,0.5384615384615384,15.0,0.0,0.0,0.0,0.0,0.0,0.0,0.0,0.0,0.0,1.0
108242,ISO E super ,234.38299999999992,4.518300000000004,17.07,0.0,1.0,1.0,2.0,0.0,0.8125,17.0,0.0,0.0,1.0,0.0,0.0,0.0,0.0,0.0,0.0,0.0
108312,phenyl hexanol ,178.27499999999995,2.637700000000001,20.23,1.0,1.0,5.0,1.0,1.0,0.5,13.0,0.0,0.0,0.0,0.0,1.0,0.0,0.0,0.0,0.0,1.0
108443,rosyrane,174.24300000000002,3.0943000000000014,9.23,0.0,1.0,1.0,2.0,1.0,0.3333333333333333,13.0,0.0,0.0,0.0,0.0,0.0,0.0,0.0,0.0,0.0,1.0
109116,jasmacyclat ,186.25099999999995,2.8823000000000016,35.53,0.0,3.0,1.0,1.0,0.0,0.9,13.0,0.0,0.0,0.0,1.0,0.0,0.0,0.0,0.0,0.0,0.0
109418,floralol ,142.242,2.0510000000000006,20.23,1.0,1.0,1.0,1.0,0.0,1.0,10.0,0.0,0.0,0.0,0.0,1.0,0.0,0.0,0.0,0.0,0.0
110655,tricyclodecenyl acetate ,192.258,2.1502,26.3,0.0,2.0,1.0,3.0,0.0,0.75,14.0,0.0,0.0,0.0,1.0,0.0,0.0,0.0,0.0,0.0,0.0
110914,suzaral ,204.31299999999996,3.2626000000000017,17.07,0.0,1.0,5.0,1.0,1.0,0.5,15.0,1.0,0.0,0.0,0.0,0.0,0.0,0.0,0.0,0.0,1.0
111037,terpinyl acetate ,196.29,3.0745000000000013,26.3,0.0,2.0,2.0,1.0,0.0,0.75,14.0,0.0,0.0,0.0,1.0,0.0,0.0,0.0,0.0,0.0,0.0
111418,glycolierral ,236.35499999999996,3.2338000000000022,18.46,0.0,2.0,2.0,4.0,0.0,0.8666666666666667,17.0,0.0,0.0,0.0,0.0,0.0,0.0,0.0,0.0,0.0,0.0
111727,allyl cyclohexyl glycolate ,198.26199999999992,2.0649,35.53,0.0,3.0,5.0,1.0,0.0,0.7272727272727273,14.0,0.0,0.0,0.0,1.0,0.0,0.0,0.0,0.0,0.0,0.0
113514,rhubafuran ,176.25900000000001,2.7531000000000008,9.23,0.0,1.0,1.0,2.0,1.0,0.5,13.0,0.0,0.0,0.0,0.0,0.0,0.0,0.0,0.0,0.0,1.0
116699,norlimbanol ,226.40399999999997,4.390000000000005,20.23,1.0,1.0,5.0,1.0,0.0,1.0,16.0,0.0,0.0,0.0,0.0,1.0,0.0,0.0,0.0,0.0,0.0
118134,decatone ,194.31799999999996,3.427900000000002,17.07,0.0,1.0,1.0,2.0,0.0,0.9230769230769231,14.0,0.0,0.0,1.0,0.0,0.0,0.0,0.0,0.0,0.0,0.0
118201,ethyl safranate,194.27399999999994,2.852100000000001,26.3,0.0,2.0,2.0,1.0,0.0,0.5833333333333334,14.0,0.0,0.0,0.0,1.0,0.0,0.0,0.0,0.0,0.0,0.0
118292,kephalis,224.34399999999997,3.568100000000003,26.3,0.0,2.0,3.0,1.0,0.0,0.7857142857142857,16.0,0.0,0.0,1.0,0.0,0.0,0.0,0.0,0.0,0.0,0.0
119897,sandalmysore core ,194.31799999999998,3.3075000000000023,20.23,1.0,1.0,3.0,1.0,0.0,0.6923076923076923,14.0,0.0,0.0,0.0,0.0,1.0,0.0,0.0,0.0,0.0,0.0
120101,calone ,178.18699999999995,1.3353199999999996,35.53,0.0,3.0,0.0,2.0,1.0,0.3,13.0,0.0,0.0,1.0,0.0,0.0,0.0,0.0,0.0,0.0,1.0
157342,fruitate ,208.301,2.765900000000001,26.3,0.0,2.0,2.0,3.0,0.0,0.9230769230769231,15.0,0.0,0.0,0.0,1.0,0.0,0.0,0.0,0.0,0.0,0.0
159055,camphor,152.237,2.401700000000001,17.07,0.0,1.0,0.0,2.0,0.0,0.9,11.0,0.0,0.0,1.0,0.0,0.0,0.0,0.0,0.0,0.0,0.0
160641,poirenate ,184.2789999999999,2.765900000000001,26.3,0.0,2.0,3.0,1.0,0.0,0.9090909090909091,13.0,0.0,0.0,0.0,1.0,0.0,0.0,0.0,0.0,0.0,0.0
162268,(5Z)-cyclohexadec-5-en-1-one ,236.39899999999994,5.196600000000005,17.07,0.0,1.0,0.0,1.0,0.0,0.8125,17.0,0.0,0.0,1.0,0.0,0.0,0.0,0.0,0.0,0.0,0.0
163336,undecavertol ,170.296,3.2839000000000023,20.23,1.0,1.0,6.0,0.0,0.0,0.8181818181818182,12.0,0.0,0.0,0.0,0.0,1.0,0.0,0.0,0.0,0.0,0.0
163588,peranat,200.32199999999997,3.402000000000002,26.3,0.0,2.0,7.0,0.0,0.0,0.9166666666666666,14.0,0.0,0.0,0.0,1.0,0.0,0.0,0.0,0.0,0.0,0.0
164422,amber core ,228.37599999999998,3.3788000000000022,29.46,1.0,2.0,4.0,1.0,0.0,1.0,16.0,0.0,0.0,0.0,0.0,1.0,0.0,0.0,0.0,0.0,0.0
166523,troenan ,214.34899999999993,3.6019000000000023,18.46,0.0,2.0,5.0,1.0,0.0,1.0,15.0,0.0,0.0,0.0,0.0,0.0,0.0,0.0,0.0,0.0,0.0
228987,lilial ,204.31299999999996,3.361600000000002,17.07,0.0,1.0,3.0,1.0,1.0,0.5,15.0,1.0,0.0,0.0,0.0,0.0,0.0,0.0,0.0,0.0,1.0
234237,Jasmonyl ,202.29399999999998,2.2709000000000006,46.53,1.0,3.0,8.0,0.0,0.0,0.9090909090909091,14.0,0.0,0.0,0.0,1.0,1.0,0.0,0.0,0.0,0.0,0.0
235414,pentalide,240.38699999999992,4.614500000000005,26.3,0.0,2.0,0.0,1.0,0.0,0.9333333333333333,17.0,0.0,0.0,0.0,1.0,0.0,0.0,0.0,0.0,0.0,0.0
240122,guaiyl acetate ,264.409,4.490800000000004,26.3,0.0,2.0,2.0,2.0,0.0,0.8235294117647058,19.0,0.0,0.0,0.0,1.0,0.0,0.0,0.0,0.0,0.0,0.0
249494,hydroxy citronellol ,174.284,1.9461,40.46,2.0,2.0,6.0,0.0,0.0,1.0,12.0,0.0,0.0,0.0,0.0,1.0,0.0,0.0,0.0,0.0,0.0
439570,l-carvone ,150.22099999999998,2.4879000000000007,17.07,0.0,1.0,1.0,1.0,0.0,0.5,11.0,0.0,0.0,1.0,0.0,0.0,0.0,0.0,0.0,0.0,0.0
440968,alpha-pinene ,136.238,2.9987000000000013,0.0,0.0,0.0,0.0,3.0,0.0,0.8,10.0,0.0,0.0,0.0,0.0,0.0,0.0,0.0,0.0,0.0,0.0
517827,cyclamen aldehyde ,190.28599999999994,3.1875000000000018,17.07,0.0,1.0,4.0,1.0,1.0,0.46153846153846156,14.0,1.0,0.0,0.0,0.0,0.0,0.0,0.0,0.0,0.0,1.0
519382,dihydro beta-ionone ,194.31799999999996,3.8822000000000028,17.07,0.0,1.0,3.0,1.0,0.0,0.7692307692307693,14.0,0.0,0.0,1.0,0.0,0.0,0.0,0.0,0.0,0.0,0.0
520506,alpha-damascone ,192.30199999999996,3.5141000000000027,17.07,0.0,1.0,2.0,1.0,0.0,0.6153846153846154,14.0,0.0,0.0,1.0,0.0,0.0,0.0,0.0,0.0,0.0,0.0
522514,limetol,154.253,2.9102000000000015,9.23,0.0,1.0,1.0,1.0,0.0,0.8,11.0,0.0,0.0,0.0,0.0,0.0,0.0,0.0,0.0,0.0,0.0
526760,allyl amyl glycolate ,186.25099999999998,1.9223999999999999,35.53,0.0,3.0,8.0,0.0,0.0,0.7,13.0,0.0,0.0,0.0,1.0,0.0,0.0,0.0,0.0,0.0,0.0
637511,cinnamic aldehyde,132.16199999999995,1.8987,17.07,0.0,1.0,2.0,1.0,1.0,0.0,10.0,1.0,1.0,0.0,0.0,0.0,0.0,0.0,0.0,0.0,1.0
637520,methyl cinnamate ,162.188,1.8728,26.3,0.0,2.0,2.0,1.0,1.0,0.1,12.0,0.0,0.0,0.0,1.0,0.0,0.0,0.0,0.0,0.0,1.0
637531,isobornyl acetate ,196.29,2.7643000000000013,26.3,0.0,2.0,1.0,2.0,0.0,0.9166666666666666,14.0,0.0,0.0,0.0,1.0,0.0,0.0,0.0,0.0,0.0,0.0
637566,geraniol ,154.253,2.671400000000001,20.23,1.0,1.0,4.0,0.0,0.0,0.6,11.0,0.0,0.0,0.0,0.0,1.0,0.0,0.0,0.0,0.0,0.0
637758,ethyl cinnamate ,176.215,2.2629,26.3,0.0,2.0,3.0,1.0,1.0,0.18181818181818182,13.0,0.0,0.0,0.0,1.0,0.0,0.0,0.0,0.0,0.0,1.0
637776,methyl isoeugenol ,178.23099999999997,2.736900000000001,18.46,0.0,2.0,3.0,1.0,1.0,0.2727272727272727,13.0,0.0,0.0,0.0,0.0,0.0,0.0,0.0,0.0,0.0,1.0
638011,citral ,152.237,2.878000000000001,17.07,0.0,1.0,4.0,0.0,0.0,0.5,11.0,1.0,1.0,0.0,0.0,0.0,0.0,0.0,0.0,0.0,0.0
643820,nerol ,154.253,2.671400000000001,20.23,1.0,1.0,4.0,0.0,0.0,0.6,11.0,0.0,0.0,0.0,0.0,1.0,0.0,0.0,0.0,0.0,0.0
853433,isoeugenol ,164.20399999999998,2.4339000000000013,29.46,1.0,2.0,2.0,1.0,1.0,0.2,12.0,0.0,0.0,0.0,0.0,1.0,1.0,0.0,0.0,0.0,1.0
929336,nopyl acetate ,208.301,2.9320000000000013,26.3,0.0,2.0,3.0,3.0,0.0,0.7692307692307693,15.0,0.0,0.0,0.0,1.0,0.0,0.0,0.0,0.0,0.0,0.0
1268142,nootkatone ,218.33999999999995,3.904200000000003,17.07,0.0,1.0,1.0,2.0,0.0,0.6666666666666666,16.0,0.0,0.0,1.0,0.0,0.0,0.0,0.0,0.0,0.0,0.0
1549018,cis-jasmone ,164.248,3.022100000000002,17.07,0.0,1.0,3.0,1.0,0.0,0.5454545454545454,12.0,0.0,0.0,1.0,0.0,0.0,0.0,0.0,0.0,0.0,0.0
1549025,neryl acetate ,196.29,3.242200000000002,26.3,0.0,2.0,5.0,0.0,0.0,0.5833333333333334,14.0,0.0,0.0,0.0,1.0,0.0,0.0,0.0,0.0,0.0,0.0
1549026,geranyl acetate ,196.29,3.242200000000002,26.3,0.0,2.0,5.0,0.0,0.0,0.5833333333333334,14.0,0.0,0.0,0.0,1.0,0.0,0.0,0.0,0.0,0.0,0.0
2733294,trans-2-hexenyl acetate ,142.19799999999998,1.9058,26.3,0.0,2.0,4.0,0.0,0.0,0.625,10.0,0.0,0.0,0.0,1.0,0.0,0.0,0.0,0.0,0.0,0.0
3017432,florosa,172.268,1.9625,29.46,1.0,2.0,2.0,1.0,0.0,1.0,12.0,0.0,0.0,0.0,0.0,1.0,0.0,0.0,0.0,0.0,0.0
3017783,melusat ,186.29499999999996,3.0119000000000016,26.3,0.0,2.0,4.0,0.0,0.0,0.9090909090909091,13.0,0.0,0.0,0.0,1.0,0.0,0.0,0.0,0.0,0.0,0.0
3782139,gravenone ,152.23699999999997,2.711900000000001,17.07,0.0,1.0,2.0,1.0,0.0,0.7,11.0,0.0,0.0,1.0,0.0,0.0,0.0,0.0,0.0,0.0,0.0
5281167,cis-3-hexenol ,100.161,1.335,20.23,1.0,1.0,3.0,0.0,0.0,0.6666666666666666,7.0,0.0,0.0,0.0,0.0,1.0,0.0,0.0,0.0,0.0,0.0
5281168,trans-2-hexenal ,98.14499999999998,1.5416,17.07,0.0,1.0,3.0,0.0,0.0,0.5,7.0,1.0,1.0,0.0,0.0,0.0,0.0,0.0,0.0,0.0,0.0
5281515,beta-caryophyllene,204.35699999999997,4.7252000000000045,0.0,0.0,0.0,0.0,2.0,0.0,0.7333333333333333,15.0,0.0,0.0,0.0,0.0,0.0,0.0,0.0,0.0,0.0,0.0
5282108,alpha-ionone ,192.30199999999996,3.5141000000000027,17.07,0.0,1.0,2.0,1.0,0.0,0.6153846153846154,14.0,0.0,0.0,1.0,0.0,0.0,0.0,0.0,0.0,0.0,0.0
5282110, cinnamyl acetate,176.215,2.2629,26.3,0.0,2.0,3.0,1.0,1.0,0.18181818181818182,13.0,0.0,0.0,0.0,1.0,0.0,0.0,0.0,0.0,0.0,1.0
5283345,trans-2-decenal ,154.253,3.102000000000002,17.07,0.0,1.0,7.0,0.0,0.0,0.7,11.0,1.0,1.0,0.0,0.0,0.0,0.0,0.0,0.0,0.0,0.0
5283361,mandarine aldehyde ,182.30700000000002,3.8822000000000028,17.07,0.0,1.0,9.0,0.0,0.0,0.75,13.0,1.0,1.0,0.0,0.0,0.0,0.0,0.0,0.0,0.0,0.0
5284507,nerolidol ,222.37199999999999,4.396300000000004,20.23,1.0,1.0,7.0,0.0,0.0,0.6,16.0,0.0,0.0,0.0,0.0,1.0,0.0,0.0,0.0,0.0,0.0
5315892,cinnamic alcohol ,134.17799999999997,1.6921000000000002,20.23,1.0,1.0,2.0,1.0,1.0,0.1111111111111111,10.0,0.0,0.0,0.0,0.0,1.0,0.0,0.0,0.0,0.0,1.0
5318042,trans-2-hexen-1-ol ,100.16099999999999,1.335,20.23,1.0,1.0,3.0,0.0,0.0,0.6666666666666666,7.0,0.0,0.0,0.0,0.0,1.0,0.0,0.0,0.0,0.0,0.0
5325830,terpinene-4-ol ,154.25300000000001,2.5037000000000016,20.23,1.0,1.0,1.0,1.0,0.0,0.8,11.0,0.0,0.0,0.0,0.0,1.0,0.0,0.0,0.0,0.0,0.0
5352438,cis-3-hexenyl butyrate ,170.25199999999998,2.686000000000001,26.3,0.0,2.0,6.0,0.0,0.0,0.7,12.0,0.0,0.0,0.0,1.0,0.0,0.0,0.0,0.0,0.0,0.0
5352481,beta-ionone epoxide ,208.30099999999996,2.8694000000000015,29.6,0.0,2.0,2.0,2.0,0.0,0.7692307692307693,15.0,0.0,0.0,1.0,0.0,0.0,0.0,0.0,0.0,0.0,0.0
5352539,cis-3-hexenyl isobutyrate ,170.252,2.541900000000001,26.3,0.0,2.0,5.0,0.0,0.0,0.7,12.0,0.0,0.0,0.0,1.0,0.0,0.0,0.0,0.0,0.0,0.0
5352543,cis-3-hexenyl hexanoate ,198.30599999999995,3.4662000000000024,26.3,0.0,2.0,8.0,0.0,0.0,0.75,14.0,0.0,0.0,0.0,1.0,0.0,0.0,0.0,0.0,0.0,0.0
5355856,geranyl butyrate ,224.34399999999994,4.022400000000004,26.3,0.0,2.0,7.0,0.0,0.0,0.6428571428571429,16.0,0.0,0.0,0.0,1.0,0.0,0.0,0.0,0.0,0.0,0.0
5362620,cis-4-decenal ,154.253,3.102000000000001,17.07,0.0,1.0,7.0,0.0,0.0,0.7,11.0,1.0,0.0,0.0,0.0,0.0,0.0,0.0,0.0,0.0,0.0
5362720,cis-6-nonenal ,140.226,2.711900000000001,17.07,0.0,1.0,6.0,0.0,0.0,0.6666666666666666,10.0,1.0,0.0,0.0,0.0,0.0,0.0,0.0,0.0,0.0,0.0
5362792,cis-6-nonen-1-ol ,142.24200000000002,2.5053000000000005,20.23,1.0,1.0,6.0,0.0,0.0,0.7777777777777778,10.0,0.0,0.0,0.0,0.0,1.0,0.0,0.0,0.0,0.0,0.0
5362814,cis-4-heptenal ,112.172,1.9317,17.07,0.0,1.0,4.0,0.0,0.0,0.5714285714285714,8.0,1.0,0.0,0.0,0.0,0.0,0.0,0.0,0.0,0.0,0.0
5362833,"2,6-nonadienol ",140.226,2.2813000000000003,20.23,1.0,1.0,5.0,0.0,0.0,0.5555555555555556,10.0,0.0,0.0,0.0,0.0,1.0,0.0,0.0,0.0,0.0,0.0
5363388,cis-3-hexenyl acetate ,142.198,1.9058,26.3,0.0,2.0,4.0,0.0,0.0,0.625,10.0,0.0,0.0,0.0,1.0,0.0,0.0,0.0,0.0,0.0,0.0
5365699,liffarome ,158.197,2.1257,35.53,0.0,3.0,4.0,0.0,0.0,0.625,11.0,0.0,0.0,0.0,1.0,0.0,0.0,0.0,0.0,0.0,0.0
5365916,delta-damascone ,192.30199999999994,3.370000000000002,17.07,0.0,1.0,2.0,1.0,0.0,0.6153846153846154,14.0,0.0,0.0,1.0,0.0,0.0,0.0,0.0,0.0,0.0,0.0
5365976,allyl alpha-ionone ,232.36699999999993,4.460400000000004,17.07,0.0,1.0,5.0,1.0,0.0,0.5625,17.0,0.0,0.0,1.0,0.0,0.0,0.0,0.0,0.0,0.0,0.0
5366074,damascenone ,190.28599999999994,3.4342000000000024,17.07,0.0,1.0,2.0,1.0,0.0,0.46153846153846156,14.0,0.0,0.0,1.0,0.0,0.0,0.0,0.0,0.0,0.0,0.0
5367706,cis-3-hexenyl benzoate ,204.26900000000003,3.1997000000000018,26.3,0.0,2.0,5.0,1.0,1.0,0.3076923076923077,15.0,0.0,0.0,0.0,1.0,0.0,0.0,0.0,0.0,0.0,1.0
5372174,methyl ionone-gamma ,206.32899999999998,3.904200000000003,17.07,0.0,1.0,2.0,1.0,0.0,0.6428571428571429,15.0,0.0,0.0,1.0,0.0,0.0,0.0,0.0,0.0,0.0,0.0
5463762,violiff ,184.23499999999999,2.6583000000000006,35.53,0.0,3.0,1.0,1.0,0.0,0.7,13.0,0.0,0.0,0.0,1.0,0.0,0.0,0.0,0.0,0.0,0.0
5702654,trans-4-decenal ,154.253,3.102000000000001,17.07,0.0,1.0,7.0,0.0,0.0,0.7,11.0,1.0,0.0,0.0,0.0,0.0,0.0,0.0,0.0,0.0,0.0
6021887,cis-3-hexenyl salicylate ,220.26800000000003,2.9053000000000018,46.53,1.0,3.0,5.0,1.0,1.0,0.3076923076923077,16.0,0.0,0.0,0.0,1.0,1.0,1.0,0.0,0.0,0.0,1.0
6321405,isoborneol ,154.25300000000001,2.1935000000000007,20.23,1.0,1.0,0.0,2.0,0.0,1.0,11.0,0.0,0.0,0.0,0.0,1.0,0.0,0.0,0.0,0.0,0.0
6433547,ethyl linalool ,168.27999999999997,3.0599000000000016,20.23,1.0,1.0,5.0,0.0,0.0,0.6363636363636364,12.0,0.0,0.0,0.0,0.0,1.0,0.0,0.0,0.0,0.0,0.0
6437428,geranyl cyclopentanone ,220.35599999999994,4.438400000000004,17.07,0.0,1.0,5.0,1.0,0.0,0.6666666666666666,16.0,0.0,0.0,1.0,0.0,0.0,0.0,0.0,0.0,0.0,0.0
6438067,isodamascone ,192.302,3.5141000000000027,17.07,0.0,1.0,2.0,1.0,0.0,0.6153846153846154,14.0,0.0,0.0,1.0,0.0,0.0,0.0,0.0,0.0,0.0,0.0
6440618,acetyl cedrene ,246.39399999999995,4.3742000000000045,17.07,0.0,1.0,1.0,3.0,0.0,0.8235294117647058,18.0,0.0,0.0,1.0,0.0,0.0,0.0,0.0,0.0,0.0,0.0
9855795,valencene ,204.35699999999994,4.7252000000000045,0.0,0.0,0.0,1.0,2.0,0.0,0.7333333333333333,15.0,0.0,0.0,0.0,0.0,0.0,0.0,0.0,0.0,0.0,0.0
10857465,ambroxan ,236.39899999999997,4.408000000000004,9.23,0.0,1.0,0.0,3.0,0.0,1.0,17.0,0.0,0.0,0.0,0.0,0.0,0.0,0.0,0.0,0.0,0.0
11085796,cedryl methyl ether ,236.39899999999997,4.263900000000004,9.23,0.0,1.0,1.0,3.0,0.0,1.0,17.0,0.0,0.0,0.0,0.0,0.0,0.0,0.0,0.0,0.0,0.0
13918856,cedryl acetate ,264.409,4.180600000000004,26.3,0.0,2.0,1.0,3.0,0.0,0.9411764705882353,19.0,0.0,0.0,0.0,1.0,0.0,0.0,0.0,0.0,0.0,0.0
15461361,cis-3-hexenyl tiglate ,182.263,2.852100000000001,26.3,0.0,2.0,5.0,0.0,0.0,0.5454545454545454,13.0,0.0,0.0,0.0,1.0,0.0,0.0,0.0,0.0,0.0,0.0
16063567,helvetolide ,284.43999999999994,4.339700000000004,35.53,0.0,3.0,6.0,1.0,0.0,0.9411764705882353,20.0,0.0,0.0,0.0,1.0,0.0,0.0,0.0,0.0,0.0,0.0
16070752,karanal,266.42499999999995,4.404100000000004,18.46,0.0,2.0,3.0,2.0,0.0,0.8823529411764706,19.0,0.0,0.0,0.0,0.0,0.0,0.0,0.0,0.0,0.0,0.0
16204527,isocyclocitral ,304.47400000000005,4.847400000000005,34.14,0.0,2.0,2.0,2.0,0.0,0.7,22.0,1.0,0.0,0.0,0.0,0.0,0.0,0.0,0.0,0.0,0.0
19871663,terpirosa ,144.25799999999998,2.439500000000001,20.23,1.0,1.0,4.0,0.0,0.0,1.0,10.0,0.0,0.0,0.0,0.0,1.0,0.0,0.0,0.0,0.0,0.0
44153588,tricyclodecenyl butyrate ,220.31199999999995,2.9304000000000014,26.3,0.0,2.0,3.0,3.0,0.0,0.7857142857142857,16.0,0.0,0.0,0.0,1.0,0.0,0.0,0.0,0.0,0.0,0.0
57353762,muscenone delta ,180.29099999999997,3.4921000000000024,17.07,0.0,1.0,0.0,1.0,0.0,0.75,13.0,0.0,0.0,1.0,0.0,0.0,0.0,0.0,0.0,0.0,0.0
